ACA	76588.7561037
ACC	54998.3129166
ACG	10109.2365676
ACT	53623.4511313
ATA	36335.4813198
ATC	40346.0065294
ATG	61129.1787688
ATT	54657.3038502
CCA	108694.186698
CCC	115634.898626
CCG	17060.2621602
CCT	111094.615818
CTA	33651.2149688
CTC	88574.6264792
CTG	131944.984442
CTT	72572.1203946
GCA	84103.2378913
GCC	92255.9418855
GCG	11939.6208775
GCT	83447.6184346
GTA	26901.7972536
GTC	44938.1014021
GTG	75303.2353443
GTT	42660.8956243
TCA	72334.6540264
TCC	80763.1022309
TCG	7468.11116837
TCT	84011.6118924
TTA	45102.4360141
TTC	68862.5646252
TTG	59939.5645238
TTT	84081.3663716
ACA	17231.6095833
ACC	10386.3828096
ACG	1593.26790024
ACT	12639.6448629
ATA	11143.8866124
ATC	10104.2705236
ATG	14791.7294507
ATT	16007.2373624
CCA	19456.1236566
CCC	16769.1333189
CCG	1854.73603245
CCT	19663.4200151
CTA	8974.7844874
CTC	15981.2382394
CTG	22228.5748749
CTT	17346.645891
GCA	15639.8037875
GCC	13385.3861909
GCG	1456.45176834
GCT	15208.8595508
GTA	7069.02914053
GTC	8460.02573711
GTG	13225.4460712
GTT	10680.8766556
TCA	16804.9884169
TCC	15265.4039289
TCG	1170.3181197
TCT	19662.4256193
TTA	13159.3478754
TTC	16693.3774367
TTG	14860.9613447
TTT	23384.3958847
ACA	65242.2222214
ACC	43973.7079877
ACG	5712.91526574
ACT	49987.1413437
ATA	40305.3770738
ATC	38090.4966347
ATG	54642.7283446
ATT	54854.7629168
CCA	84030.7819861
CCC	80639.5794953
CCG	8683.84361686
CCT	86949.57804
CTA	35177.2624208
CTC	70378.1254519
CTG	97502.189478
CTT	66555.1689614
GCA	62679.4833275
GCC	62030.408318
GCG	6489.83941892
GCT	63624.9468034
GTA	27529.4105717
GTC	35423.500318
GTG	55295.5984478
GTT	39325.5666069
TCA	64294.9508858
TCC	65172.2800579
TCG	4669.91988419
TCT	76908.9564157
TTA	46782.8566177
TTC	62826.1702966
TTG	55150.9186921
TTT	80525.4992594
ACA	473035.889934
ACC	210358.199837
ACG	23317.0685153
ACT	375718.11576
ATA	500778.493415
ATC	279593.829195
ATG	411139.977008
ATT	610819.250603
CCA	369693.886098
CCC	251549.100664
CCG	22211.3530681
CCT	378155.071722
CTA	287784.132351
CTC	317006.13585
CTG	417545.86425
CTT	463121.241818
GCA	317483.271601
GCC	209401.485437
GCG	17405.8048372
GCT	302247.46399
GTA	245723.441308
GTC	177773.90432
GTG	266755.346609
GTT	303937.014719
TCA	460664.366702
TCC	307187.07167
TCG	18627.2383835
TCT	528952.973357
TTA	534289.599114
TTC	461909.003568
TTG	405417.627089
TTT	838967.51672
ACA	105130.829451
ACC	48788.3831431
ACG	5327.27743638
ACT	84205.1178583
ATA	108696.962473
ATC	62306.9487529
ATG	90892.3565388
ATT	132622.655569
CCA	84965.9422883
CCC	58476.5479562
CCG	5026.715835
CCT	87969.7050836
CTA	64534.3830037
CTC	73995.3565069
CTG	96339.3359454
CTT	104870.749798
GCA	71997.8288694
GCC	48296.1643643
GCG	4014.73336338
GCT	69733.805983
GTA	54225.3253824
GTC	40880.9514147
GTG	61430.562613
GTT	67712.6200245
TCA	102937.010856
TCC	71372.0720669
TCG	4269.93654641
TCT	119922.859482
TTA	115716.829264
TTC	104275.920952
TTG	90376.3347349
TTT	182948.606384
ACA	13.9850491159
ACC	3.8628809689
ACG	1.09358793558
ACT	10.1975019546
ATA	10.6059615068
ATC	8.55798362067
ATG	11.9604302126
ATT	17.8291866666
CCA	7.68689143257
CCC	2.20122951704
CCG	0.565190692922
CCT	9.11992447214
CTA	6.08363700411
CTC	7.99396885585
CTG	13.6216460044
CTT	13.1365427137
GCA	11.7368218816
GCC	3.23785047673
GCG	0
GCT	9.68128242939
GTA	7.79335831851
GTC	4.11150918011
GTG	6.62192471661
GTT	7.30632449411
TCA	15.6048410397
TCC	9.94394796073
TCG	0.528601567018
TCT	14.2941122624
TTA	11.5173233247
TTC	16.5212002211
TTG	12.0814110954
TTT	18.7365285211
ACA	0
ACC	0
ACG	0
ACT	0
ATA	0
ATC	0
ATG	0
ATT	0
CCA	0
CCC	0
CCG	0
CCT	0
CTA	0
CTC	0
CTG	0
CTT	0
GCA	0
GCC	0
GCG	0
GCT	0
GTA	0
GTC	0
GTG	0
GTT	0
TCA	0
TCC	0
TCG	0
TCT	0
TTA	0
TTC	0
TTG	0
TTT	0
ACA	6951.36366464
ACC	3605.09791073
ACG	399.418422207
ACT	5731.38213733
ATA	6117.04348546
ATC	4305.48380517
ATG	5991.69268199
ATT	7795.40511501
CCA	6327.42291659
CCC	4610.92348906
CCG	402.903294835
CCT	6771.22713017
CTA	4373.07597758
CTC	5765.37975705
CTG	7049.43807095
CTT	7401.10990628
GCA	4972.5439203
GCC	3552.7210726
GCG	345.837120731
GCT	4910.16939018
GTA	3565.28356947
GTC	2971.5079851
GTG	4352.26368441
GTT	4545.76668022
TCA	6909.38707166
TCC	5528.32845612
TCG	340.838285831
TCT	8595.20408837
TTA	6634.52051721
TTC	7319.38408117
TTG	6050.1612746
TTT	11092.8828199
ACA	381549.459557
ACC	175882.548545
ACG	19326.7570485
ACT	306654.330525
ATA	407285.062904
ATC	229069.994348
ATG	333440.092007
ATT	490956.450901
CCA	307367.27486
CCC	218953.114141
CCG	18640.9821202
CCT	320733.923904
CTA	236018.667646
CTC	272988.06477
CTG	345981.396817
CTT	383088.214516
GCA	257436.341603
GCC	173276.584002
GCG	14724.2236641
GCT	248458.893218
GTA	199068.242153
GTC	148259.721272
GTG	220573.607434
GTT	246340.672801
TCA	374136.960841
TCC	262614.993494
TCG	15138.9609552
TCT	440468.494738
TTA	428104.095357
TTC	381430.393975
TTG	327086.429861
TTT	675352.245401
ACA	126267.878664
ACC	56864.1237397
ACG	6341.87522142
ACT	100351.540852
ATA	128292.900949
ATC	76299.6537483
ATG	111755.386167
ATT	159653.13808
CCA	99877.2185136
CCC	65242.7403405
CCG	5430.14617516
CCT	101943.543176
CTA	77182.9226258
CTC	87539.2677204
CTG	111396.382386
CTT	126896.204274
GCA	86252.0500148
GCC	53788.2806935
GCG	4403.34852067
GCT	82096.4872668
GTA	64258.7093185
GTC	48545.5001922
GTG	71724.3960666
GTT	82145.932992
TCA	124884.898558
TCC	84551.5876056
TCG	5147.69838203
TCT	145573.238494
TTA	137825.781497
TTC	126749.248637
TTG	110362.066863
TTT	221707.777191
ACA	74815.5765695
ACC	38162.1330259
ACG	5312.03105511
ACT	56390.466919
ATA	59920.7538181
ATC	41953.9447316
ATG	63096.9469833
ATT	77341.5411701
CCA	69404.9571847
CCC	53403.8398381
CCG	5882.01818922
CCT	71189.3357149
CTA	40769.0646263
CTC	59185.4610299
CTG	81769.2530128
CTT	72068.443885
GCA	59383.0104682
GCC	44446.2539334
GCG	4505.07139137
GCT	56412.3764563
GTA	34006.3143587
GTC	32225.2564334
GTG	51202.5926688
GTT	45928.9413472
TCA	71053.3849382
TCC	55981.9792081
TCG	3884.50099861
TCT	82667.3395185
TTA	67592.0336739
TTC	70883.3219866
TTG	61343.0812175
TTT	112151.16415
ACA	78318.82432
ACC	30788.864689
ACG	4794.52936314
ACT	60481.9684248
ATA	84606.3250368
ATC	45334.1432662
ATG	67264.7960692
ATT	103962.540289
CCA	52451.7116835
CCC	30259.7927568
CCG	3523.18736125
CCT	53063.8349969
CTA	45785.814709
CTC	45158.2658214
CTG	59645.1643235
CTT	73223.1955826
GCA	48089.2573974
GCC	26510.0238182
GCG	2787.00415019
GCT	44421.7502497
GTA	40856.8972488
GTC	26708.7989612
GTG	39991.7401958
GTT	50048.495243
TCA	75350.2291426
TCC	44628.8260501
TCG	3547.20323454
TCT	84207.6059542
TTA	90759.1753275
TTC	75475.0209254
TTG	65134.1540344
TTT	143078.996294
ACA	1033.79444172
ACC	650.805669417
ACG	83.4432686808
ACT	775.334458071
ATA	709.863311843
ATC	587.28368115
ATG	841.796348334
ATT	863.024990013
CCA	1110.96614744
CCC	989.758240943
CCG	139.565843814
CCT	1209.56257306
CTA	530.247597982
CTC	997.608421043
CTG	1291.75128872
CTT	1014.9391002
GCA	933.499439016
GCC	782.38133807
GCG	141.510733573
GCT	865.190957025
GTA	469.819733724
GTC	503.053459282
GTG	850.229267018
GTT	616.658217488
TCA	972.861310808
TCC	935.241089766
TCG	78.3252844839
TCT	1096.05887891
TTA	720.20589983
TTC	950.030626729
TTG	857.103804484
TTT	1244.55485809
ACA	34146.4074643
ACC	15914.5492262
ACG	3097.16527431
ACT	23486.3211637
ATA	26440.529651
ATC	18071.0854461
ATG	28416.5682032
ATT	35428.9152604
CCA	28804.679859
CCC	21444.8523034
CCG	3109.55460528
CCT	29806.1753914
CTA	16061.2797428
CTC	25074.7717301
CTG	35462.3829064
CTT	29542.8550251
GCA	27308.5180035
GCC	18768.1182578
GCG	2550.31011012
GCT	24277.8051307
GTA	13728.0859219
GTC	13951.2337771
GTG	23543.656609
GTT	19536.4976631
TCA	31902.530119
TCC	23719.1206968
TCG	2148.61565644
TCT	34827.0504443
TTA	29658.7686223
TTC	30796.7698139
TTG	25695.6516894
TTT	49739.1330066
ACA	80851.298659
ACC	36643.1240045
ACG	5478.74497131
ACT	60134.245807
ATA	73656.4993272
ATC	46368.4959701
ATG	70344.8958856
ATT	94362.8368933
CCA	66852.5191578
CCC	46545.6079103
CCG	5062.47262914
CCT	67875.9243227
CTA	44463.1248652
CTC	58118.6058656
CTG	77581.6437467
CTT	76580.028559
GCA	59417.3664053
GCC	39826.1209873
GCG	3956.36128007
GCT	55278.2055674
GTA	37491.4262586
GTC	31976.2363002
GTG	49965.0936215
GTT	49759.1622923
TCA	78610.0031259
TCC	55400.9855952
TCG	4089.6282937
TCT	89007.9336699
TTA	79418.7145441
TTC	78306.7054407
TTG	67360.5297774
TTT	130879.563286
ACA	37314.7562149
ACC	17224.0419399
ACG	1918.81267756
ACT	29328.321315
ATA	34525.0681843
ATC	22094.5713509
ATG	32771.745908
ATT	43724.3167948
CCA	31626.9556358
CCC	21422.437571
CCG	1812.28711736
CCT	31888.5133515
CTA	21806.1040333
CTC	27509.1966918
CTG	36195.5287396
CTT	37043.3979332
GCA	26986.7785298
GCC	18620.2449699
GCG	1464.29268346
GCT	25832.2227614
GTA	17960.1863944
GTC	15143.9601939
GTG	22768.1368588
GTT	23608.4861387
TCA	36963.8310886
TCC	26082.182303
TCG	1587.67686851
TCT	42579.7015406
TTA	37501.6974717
TTC	36820.0852491
TTG	32103.3192736
TTT	61255.4341463
ACA	80988.6967273
ACC	41464.4931994
ACG	5173.48904663
ACT	63974.1869763
ATA	71296.527228
ATC	48084.7213849
ATG	69796.6108244
ATT	89894.5151692
CCA	75177.5118613
CCC	56927.7875949
CCG	5402.6679291
CCT	78215.3532068
CTA	47323.1238516
CTC	64958.5957915
CTG	86632.8053122
CTT	81912.4332353
GCA	61658.9814002
GCC	47003.7447052
GCG	4152.05007719
GCT	60506.8611316
GTA	39156.6703182
GTC	34924.7818958
GTG	53085.403375
GTT	51052.7801398
TCA	79922.9953976
TCC	61991.8673884
TCG	3996.08485483
TCT	93359.0733328
TTA	78302.4691214
TTC	79978.0403368
TTG	68551.4591212
TTT	128441.454869
ACA	236.646206355
ACC	96.7051304133
ACG	16.7153378911
ACT	164.972143215
ATA	192.983422854
ATC	122.964111805
ATG	197.454547124
ATT	264.833344184
CCA	189.264075958
CCC	116.845991134
CCG	6.91299547907
CCT	182.456457728
CTA	116.73091515
CTC	166.708566253
CTG	223.358121878
CTT	224.410363201
GCA	153.919078488
GCC	95.2991924897
GCG	6.58006015094
GCT	152.576784586
GTA	107.016739172
GTC	90.9348125332
GTG	127.305065747
GTT	163.231940062
TCA	209.78288262
TCC	159.752482637
TCG	10.4087245796
TCT	258.14945066
TTA	226.631420364
TTC	227.424575151
TTG	201.784602732
TTT	403.343630083
ACA	378028.66541
ACC	160788.210096
ACG	18782.7980191
ACT	298604.651335
ATA	411066.811763
ATC	221922.289334
ATG	328893.175427
ATT	500290.467238
CCA	277969.618468
CCC	177091.089471
CCG	15489.5994737
CCT	282941.420177
CTA	229388.520108
CTC	239044.982684
CTG	309891.757521
CTT	369137.169418
GCA	242378.594071
GCC	148992.103455
GCG	12319.2726509
GCT	228021.708641
GTA	198159.691518
GTC	136234.615307
GTG	203565.404255
GTT	245461.123027
TCA	367014.179126
TCC	232904.777407
TCG	14488.9303214
TCT	419923.789189
TTA	436696.294121
TTC	370985.532611
TTG	325740.136503
TTT	694197.14225
ACA	3893.6040389
ACC	1965.9517726
ACG	231.615949106
ACT	3099.35626052
ATA	3349.08240122
ATC	2304.97503841
ATG	3281.64360753
ATT	4301.88389962
CCA	3475.84895088
CCC	2409.7538964
CCG	205.635241795
CCT	3517.96055393
CTA	2276.99797734
CTC	2916.38800546
CTG	3861.77795971
CTT	3841.34697764
GCA	2842.59249322
GCC	1935.69654647
GCG	160.496663804
GCT	2725.49437853
GTA	1920.87445098
GTC	1579.19799554
GTG	2475.77134553
GTT	2500.13839738
TCA	3740.81172848
TCC	2817.25389659
TCG	159.923584776
TCT	4422.82487278
TTA	3774.43377727
TTC	3767.06507654
TTG	3338.60212556
TTT	6240.41458184
ACA	87935.3982097
ACC	41610.8670555
ACG	5841.15964178
ACT	66335.68943
ATA	75483.9633688
ATC	49040.5518765
ATG	74899.59065
ATT	97537.8524801
CCA	74919.5014497
CCC	53915.7708602
CCG	5628.9333768
CCT	76231.3939957
CTA	47422.4717063
CTC	63325.9080806
CTG	87094.9826547
CTT	82832.5079392
GCA	65848.9748309
GCC	45723.5483492
GCG	4550.86429799
GCT	61058.9882194
GTA	40875.5954591
GTC	34970.5372709
GTG	56399.6014982
GTT	54033.8976513
TCA	83878.4728456
TCC	60566.4637435
TCG	4399.35858147
TCT	93995.0534975
TTA	84108.0959095
TTC	82681.1928443
TTG	72279.7565028
TTT	138677.670712
ACA	247226.980077
ACC	103503.957408
ACG	12562.38533
ACT	190370.100669
ATA	262485.900847
ATC	142292.631942
ATG	215670.389863
ATT	321437.082581
CCA	181933.068855
CCC	116366.707862
CCG	10328.9300526
CCT	183099.010324
CTA	143612.832488
CTC	154846.012464
CTG	205522.659026
CTT	233123.381885
GCA	164068.584919
GCC	100034.256508
GCG	8222.44215236
GCT	150193.447036
GTA	124468.666099
GTC	88886.8942373
GTG	137053.518791
GTT	154608.622479
TCA	238174.398181
TCC	149470.191043
TCG	9426.01344375
TCT	267244.035905
TTA	276045.252533
TTC	234996.620625
TTG	208677.179844
TTT	437725.942297
ACA	637617.926114
ACC	249281.237997
ACG	29081.9913555
ACT	507083.439562
ATA	755276.240597
ATC	376682.263138
ATG	560222.768145
ATT	910035.181667
CCA	420931.08052
CCC	238554.066358
CCG	21226.5004841
CCT	418680.77336
CTA	393050.47598
CTC	357067.027893
CTG	463666.334541
CTT	614711.348575
GCA	379327.138212
GCC	205856.230948
GCG	17011.0448379
GCT	351010.209359
GTA	344723.392264
GTC	213747.488642
GTG	314659.054489
GTT	421060.019762
TCA	617897.325062
TCC	354763.758925
TCG	22329.3844148
TCT	695401.622555
TTA	799219.375762
TTC	623542.223123
TTG	551572.075699
TTT	1247395.51194
ACA	65715.8381195
ACC	39975.6631964
ACG	7252.36874459
ACT	45529.2924736
ATA	36703.3446938
ATC	34519.6700901
ATG	53296.3797952
ATT	53056.9774192
CCA	76555.1494654
CCC	70166.8060749
CCG	9480.77541851
CCT	77876.1519666
CTA	29001.4035159
CTC	62896.3171609
CTG	92418.5190904
CTT	60302.3688626
GCA	63147.0463052
GCC	57551.6044091
GCG	7023.44967799
GCT	59378.8528867
GTA	24010.6022282
GTC	33442.3116502
GTG	56787.9042821
GTT	36961.3619604
TCA	61006.5705134
TCC	58748.8900233
TCG	4972.65345579
TCT	69177.348601
TTA	43803.1954453
TTC	58636.4275327
TTG	50703.6716899
TTT	79694.3327547
ACA	448082.674851
ACC	212596.382296
ACG	24621.443796
ACT	348837.107601
ATA	427450.587085
ATC	260827.468194
ATG	391864.960336
ATT	534135.360777
CCA	378082.176155
CCC	263329.897907
CCG	22836.5862845
CCT	378481.202946
CTA	261113.347381
CTC	314077.797958
CTG	422636.180553
CTT	437129.463732
GCA	318790.679582
GCC	221007.083587
GCG	18106.4289018
GCT	300998.819787
GTA	221742.908192
GTC	177469.762569
GTG	271469.552149
GTT	284174.334383
TCA	436104.788301
TCC	303885.165914
TCG	19046.091076
TCT	495523.135386
TTA	461924.477585
TTC	431910.889145
TTG	383384.528057
TTT	750400.318425
ACA	161836.318536
ACC	54580.4780634
ACG	6863.27848187
ACT	124430.313498
ATA	208776.063085
ATC	93086.6849405
ATG	141033.805575
ATT	246849.754505
CCA	91438.3059695
CCC	43486.5812767
CCG	3517.3008698
CCT	88018.0264587
CTA	96347.4475437
CTC	75855.90052
CTG	98069.4659481
CTT	146036.103548
GCA	87280.9878384
GCC	39645.7058986
GCG	3026.16121764
GCT	77413.2578483
GTA	87378.9878954
GTC	47436.4738114
GTG	70304.4908206
GTT	103861.305534
TCA	154963.615315
TCC	76382.3501115
TCG	5201.82188814
TCT	168601.231994
TTA	215270.882745
TTC	152333.473733
TTG	137186.515723
TTT	326810.165851
ACA	706625.923699
ACC	285743.600917
ACG	32411.8556426
ACT	561019.750695
ATA	811595.630639
ATC	416583.095829
ATG	616301.309142
ATT	974517.695996
CCA	487316.540246
CCC	289760.923901
CCG	24094.20996
CCT	493538.843561
CTA	434032.159284
CTC	420623.590977
CTG	546725.265664
CTT	684447.13703
GCA	433703.35175
GCC	250525.224891
GCG	19564.2227497
GCT	407124.566603
GTA	376646.28698
GTC	244532.943088
GTG	363838.90044
GTT	461549.357214
TCA	686469.632175
TCC	409819.311065
TCG	24545.9774846
TCT	781016.132648
TTA	854346.217323
TTC	691299.169678
TTG	605530.104345
TTT	1339745.57285
ACA	19877.1336622
ACC	10295.8132076
ACG	1708.80580969
ACT	15514.8734412
ATA	16428.6304677
ATC	11130.6488081
ATG	15880.61862
ATT	21124.6154304
CCA	18494.3724114
CCC	15013.637954
CCG	2189.47028704
CCT	19576.857487
CTA	11217.1185505
CTC	16535.2475391
CTG	22344.6979629
CTT	19935.467647
GCA	15348.1029708
GCC	12503.8662017
GCG	1695.29718818
GCT	15464.6234508
GTA	9596.61089306
GTC	8777.80124213
GTG	13385.7879968
GTT	12759.8816067
TCA	19087.3344795
TCC	15552.8156906
TCG	1366.7261828
TCT	22600.3098368
TTA	19281.8244063
TTC	19768.2985869
TTG	16447.1840152
TTT	32250.4459419
ACA	52499.1629139
ACC	36689.6480073
ACG	7175.8007963
ACT	35131.3966355
ATA	22624.6689369
ATC	26125.5750196
ATG	41085.6729694
ATT	33904.8688993
CCA	72167.6210212
CCC	75519.7166845
CCG	11307.1126201
CCT	74133.7146713
CTA	21277.4533483
CTC	58642.8708207
CTG	89276.8288362
CTT	46366.0168394
GCA	58143.6524915
GCC	61491.0679386
GCG	8162.87382512
GCT	55707.504076
GTA	17316.9952918
GTC	29955.7983993
GTG	53114.4401441
GTT	27448.8276355
TCA	48033.7094717
TCC	52779.9355796
TCG	4950.94716614
TCT	53925.8156692
TTA	27812.1625918
TTC	43972.841921
TTG	38377.0827968
TTT	52397.8579481
ACA	139380.474507
ACC	52820.0653247
ACG	6313.96874086
ACT	107926.91396
ATA	159820.879791
ATC	81913.7636182
ATG	122935.220831
ATT	193603.908168
CCA	90923.7024017
CCC	48656.2501196
CCG	3915.70110276
CCT	90059.3555411
CTA	82672.1190152
CTC	77907.2289166
CTG	99539.6740572
CTT	131119.976948
GCA	84585.3221324
GCC	42969.799373
GCG	3346.11138338
GCT	76326.4470833
GTA	72048.5462369
GTC	46302.6993562
GTG	68343.5332373
GTT	88464.967206
TCA	135717.788505
TCC	76967.6081335
TCG	4842.03046552
TCT	152119.00111
TTA	165868.301518
TTC	134193.902916
TTG	119338.418787
TTT	258290.534683
ACA	113783.93464
ACC	39854.6897376
ACG	4803.24939827
ACT	89105.6318125
ATA	146162.36146
ATC	66319.0076246
ATG	99240.0223473
ATT	172105.585701
CCA	66419.0235856
CCC	32844.4687228
CCG	2964.94570451
CCT	65104.875783
CTA	69922.6933585
CTC	56547.0704336
CTG	72854.641887
CTT	105484.900563
GCA	62084.2496298
GCC	29833.3297416
GCG	2527.96967242
GCT	56557.2808982
GTA	62531.8768379
GTC	34895.0041072
GTG	51005.1604678
GTT	74106.986818
TCA	109628.704629
TCC	56277.3351939
TCG	3772.10880795
TCT	121403.725927
TTA	151242.623309
TTC	109406.025063
TTG	97025.1891922
TTT	229931.16778
ACA	40472.3580183
ACC	16192.9967495
ACG	1855.64769233
ACT	32082.1777823
ATA	44818.9326117
ATC	23886.5966107
ATG	35344.9215301
ATT	55008.6454158
CCA	27850.2690353
CCC	15587.3744164
CCG	1402.24852045
CCT	27713.8677427
CTA	24250.7144619
CTC	23571.5381208
CTG	30602.768043
CTT	39417.3485355
GCA	24906.1889342
GCC	13635.6128875
GCG	1158.34676415
GCT	23043.6279872
GTA	21067.2333465
GTC	13840.7791136
GTG	20502.5837966
GTT	26381.0477637
TCA	39538.0966309
TCC	23447.7653851
TCG	1416.52173926
TCT	44881.037796
TTA	47887.3961992
TTC	39858.713367
TTG	34944.3507899
TTT	76422.5458922
ACA	90168.0057129
ACC	27938.9194408
ACG	3151.1947837
ACT	70873.109495
ATA	129672.252346
ATC	51818.2973034
ATG	78358.2747599
ATT	147828.864767
CCA	45452.6433446
CCC	18580.0734762
CCG	1337.97303793
CCT	43752.5333392
CTA	55878.8525806
CTC	37888.9006919
CTG	48424.1430684
CTT	80683.8536535
GCA	43911.8702097
GCC	17812.9836105
GCG	1175.397404
GCT	39294.5014625
GTA	51255.6185354
GTC	24479.4441941
GTG	35611.2584255
GTT	58169.1243991
TCA	86126.0615604
TCC	38347.9764239
TCG	2272.23196493
TCT	93783.4324202
TTA	130223.285478
TTC	84626.5564865
TTG	75659.504184
TTT	192489.08235
ACA	785445.885246
ACC	273076.050824
ACG	33135.2417231
ACT	620429.248274
ATA	1012725.78739
ATC	455789.33632
ATG	683855.963434
ATT	1190072.31582
CCA	452390.153497
CCC	222489.56666
CCG	19162.5084996
CCT	449081.739792
CTA	484968.554501
CTC	386968.765915
CTG	499593.20003
CTT	731292.410135
GCA	429314.870504
GCC	201639.578775
GCG	16414.8570859
GCT	389845.627192
GTA	433911.065756
GTC	237506.34694
GTG	350968.038903
GTT	513647.574696
TCA	753599.990084
TCC	386650.677637
TCG	24615.9718495
TCT	837853.886559
TTA	1048474.29268
TTC	756399.131768
TTG	665818.589125
TTT	1603766.35009
ACA	129975.573364
ACC	58570.9515614
ACG	9593.91142992
ACT	94147.1213626
ATA	114998.136911
ATC	72267.417937
ATG	111440.656629
ATT	149535.950882
CCA	105909.007547
CCC	74157.8642053
CCG	9127.48921397
CCT	104789.842164
CTA	66735.3394654
CTC	88788.818462
CTG	122657.829685
CTT	117773.422558
GCA	95415.5476346
GCC	63352.5536963
GCG	7253.45596966
GCT	85985.4343918
GTA	57816.2207484
GTC	51034.0188454
GTG	81456.1310312
GTT	78837.3499749
TCA	123779.204894
TCC	85747.9781034
TCG	6851.65023701
TCT	136151.310977
TTA	126274.090351
TTC	120560.27737
TTG	105820.137515
TTT	206409.488776
ACA	168387.376593
ACC	57358.6519183
ACG	6772.74777699
ACT	131622.946888
ATA	220028.493184
ATC	97388.9280367
ATG	146454.705921
ATT	256820.624175
CCA	96545.4172572
CCC	46757.1617862
CCG	3804.06769895
CCT	94343.2163699
CTA	102406.849682
CTC	81747.1625388
CTG	104189.311201
CTT	154348.179029
GCA	90448.9596131
GCC	42292.6842101
GCG	3170.78803886
GCT	81838.9273492
GTA	91649.495925
GTC	50302.8047755
GTG	73728.2662441
GTT	108552.28726
TCA	162451.595219
TCC	81561.8241811
TCG	5035.71616568
TCT	178568.21158
TTA	224363.718546
TTC	160506.877046
TTG	143102.688913
TTT	340781.774438
ACA	293730.775832
ACC	112903.364164
ACG	12810.7863899
ACT	235813.292511
ATA	349075.164602
ATC	172952.808225
ATG	256697.830999
ATT	421631.250732
CCA	188970.703748
CCC	101732.807112
CCG	8271.06961601
CCT	189401.500501
CTA	183103.70634
CTC	161227.581979
CTG	208948.915617
CTT	285128.484605
GCA	171949.865274
GCC	89866.2186739
GCG	6977.15847113
GCT	159664.49718
GTA	160526.08947
GTC	96526.5335928
GTG	142332.725161
GTT	195707.720887
TCA	284562.154852
TCC	160388.438872
TCG	9801.22368826
TCT	321303.461422
TTA	370290.876344
TTC	289452.478966
TTG	254722.022243
TTT	579312.663897
ACA	338697.458151
ACC	133037.044361
ACG	14674.5452774
ACT	268657.293342
ATA	398665.931257
ATC	198210.37473
ATG	296670.83669
ATT	476969.760896
CCA	226337.49886
CCC	129951.502229
CCG	10852.3174118
CCT	227266.7505
CTA	209039.107155
CTC	193595.655339
CTG	253221.27383
CTT	325075.681304
GCA	204416.235668
GCC	115074.963619
GCG	8890.02608826
GCT	191173.001437
GTA	182669.564717
GTC	114575.590482
GTG	169192.42089
GTT	220753.915868
TCA	326994.091639
TCC	189736.15788
TCG	11243.2912156
TCT	369526.96363
TTA	419629.2239
TTC	328781.894505
TTG	289838.218073
TTT	653893.424299
ACA	104291.237128
ACC	51477.9612148
ACG	5706.55885016
ACT	82650.7581437
ATA	98161.4618014
ATC	63091.8786573
ATG	91858.821058
ATT	122674.997642
CCA	91694.0232769
CCC	65754.7742082
CCG	5783.85666639
CCT	94103.0535773
CTA	63252.2653945
CTC	79388.5925852
CTG	102861.528437
CTT	105504.751616
GCA	75314.657661
GCC	53573.4947164
GCG	4509.15004085
GCT	73147.9193517
GTA	52142.0816253
GTC	43276.8470082
GTG	64394.8673743
GTT	66885.696865
TCA	103008.993743
TCC	76151.5672254
TCG	4579.12157199
TCT	121086.464821
TTA	104606.492669
TTC	103680.585604
TTG	90674.7920338
TTT	170553.838358
ACA	157674.645084
ACC	75608.3442374
ACG	10345.0839751
ACT	120238.594742
ATA	145325.322395
ATC	92747.9454852
ATG	138116.865458
ATT	185410.688311
CCA	137759.700416
CCC	102244.376776
CCG	10827.1495414
CCT	140181.298582
CTA	89291.7178816
CTC	117614.501684
CTG	156736.199755
CTT	154268.024054
GCA	117931.47729
GCC	84501.3088381
GCG	8404.68597386
GCT	111317.046284
GTA	75118.4355388
GTC	64614.845928
GTG	98564.0642282
GTT	98367.6715315
TCA	154485.942374
TCC	112920.030062
TCG	7963.51981316
TCT	176782.761415
TTA	157144.012842
TTC	153652.405291
TTG	134880.337381
TTT	257184.611111
ACA	384204.000669
ACC	178733.540934
ACG	22962.8820923
ACT	299845.965534
ATA	371000.737598
ATC	224219.704869
ATG	332871.756953
ATT	465266.23197
CCA	314129.065042
CCC	220648.864265
CCG	21518.6290831
CCT	322061.342304
CTA	225522.006018
CTC	272200.028123
CTG	354384.374033
CTT	378501.430928
GCA	267679.873767
GCC	179750.994827
GCG	17448.8371488
GCT	254379.645389
GTA	191120.826598
GTC	150447.667081
GTG	229951.716854
GTT	247552.161427
TCA	373650.348274
TCC	262698.806145
TCG	18110.1247943
TCT	429089.957667
TTA	403710.868852
TTC	378208.588468
TTG	328937.794528
TTT	655207.209833
ACA	341.684980496
ACC	91.2376476946
ACG	8.40880902774
ACT	234.732135242
ATA	537.288569067
ATC	170.199426123
ATG	299.918682683
ATT	535.216249598
CCA	153.350438143
CCC	59.2071675004
CCG	2.14636744644
CCT	145.501489655
CTA	201.054552166
CTC	140.540084536
CTG	153.122821078
CTT	265.743531084
GCA	142.740030745
GCC	48.6915204932
GCG	1.93869102878
GCT	137.180711376
GTA	195.129713697
GTC	76.8386445987
GTG	113.388029077
GTT	200.814985808
TCA	275.088629751
TCC	143.087522429
TCG	3.6819164687
TCT	324.891009834
TTA	464.767454371
TTC	286.546968706
TTG	261.134425477
TTT	664.875457177
ACA	217059.716897
ACC	74428.3055345
ACG	8097.15272026
ACT	172772.418948
ATA	286377.956329
ATC	126195.098981
ATG	189420.791431
ATT	335664.192111
CCA	122821.355281
CCC	58197.1494483
CCG	4428.40849519
CCT	121736.092887
CTA	135515.412523
CTC	104377.805192
CTG	134622.265122
CTT	202101.311248
GCA	116215.472225
GCC	53208.1720301
GCG	3732.14783323
GCT	105593.856877
GTA	121074.264539
GTC	64577.6678869
GTG	94383.8180153
GTT	142433.478692
TCA	209194.463858
TCC	104566.73694
TCG	6205.53454211
TCT	231684.022562
TTA	296040.697546
TTC	209130.526055
TTG	185056.269812
TTT	449581.285384
ACA	455001.64726
ACC	170670.845451
ACG	20536.9832358
ACT	361567.244717
ATA	545127.836227
ATC	267529.506251
ATG	397703.366135
ATT	656489.306598
CCA	285569.536834
CCC	150735.24476
CCG	13264.341249
CCT	285282.240675
CTA	279321.817296
CTC	244107.375646
CTG	317613.354671
CTT	434829.192865
GCA	263841.125268
GCC	133871.171061
GCG	11029.0349341
GCT	242065.312304
GTA	246668.17787
GTC	147719.957944
GTG	218798.888761
GTT	299499.245343
TCA	440688.901741
TCC	243439.026989
TCG	15615.9445692
TCT	492793.31343
TTA	576081.985425
TTC	444657.97598
TTG	389727.793457
TTT	899309.382783
ACA	74130.7633998
ACC	33376.0982587
ACG	5684.4835343
ACT	55233.0161283
ATA	65273.0224375
ATC	41198.8601407
ATG	62999.9956453
ATT	85012.8441991
CCA	59421.225139
CCC	40464.6979636
CCG	5140.80904078
CCT	59317.0027014
CTA	39182.545596
CTC	50596.881793
CTG	69791.0493123
CTT	68827.739552
GCA	53346.7753997
GCC	34772.9427968
GCG	4112.1551368
GCT	49193.5678404
GTA	34268.3722575
GTC	29122.8103588
GTG	46150.4599687
GTT	45861.0883746
TCA	70487.4356481
TCC	48871.4567474
TCG	4064.59666491
TCT	78660.6819389
TTA	72770.9933488
TTC	70191.4425044
TTG	60185.4556039
TTT	121275.528925
ACA	20416.7039901
ACC	10260.2570751
ACG	2311.11631121
ACT	13999.1931232
ATA	13597.3444715
ATC	10387.9210885
ATG	16123.048264
ATT	18998.4408971
CCA	19125.180205
CCC	15415.1330773
CCG	2543.81281902
CCT	19507.2054052
CTA	8879.6050826
CTC	16619.6413491
CTG	23941.949065
CTT	17662.1070217
GCA	17042.7569491
GCC	13477.7091803
GCG	1947.05544795
GCT	16048.5124619
GTA	7893.05762883
GTC	8820.76665665
GTG	15514.9175645
GTT	11881.5345272
TCA	18687.1994275
TCC	15362.1585004
TCG	1519.32142673
TCT	20475.1192262
TTA	16299.5923993
TTC	18083.6869972
TTG	15008.2415848
TTT	27917.5401989
ACA	1206.00306774
ACC	929.428613532
ACG	222.28786948
ACT	788.814900726
ATA	383.651465872
ATC	579.401338458
ATG	890.996639279
ATT	701.898448584
CCA	1812.20214607
CCC	1988.49578045
CCG	358.006613045
CCT	1990.15205271
CTA	418.194944252
CTC	1618.61166001
CTG	2401.95228055
CTT	1061.67599667
GCA	1483.69780167
GCC	1636.7207687
GCG	219.767661034
GCT	1467.34804585
GTA	320.116257358
GTC	790.445459741
GTG	1348.28754896
GTT	617.373801733
TCA	1172.73015933
TCC	1421.46049909
TCG	140.213153671
TCT	1298.69353893
TTA	561.54800374
TTC	1063.16272136
TTG	837.42289873
TTT	1035.24642246
ACA	342746.522805
ACC	150541.925496
ACG	20676.9956413
ACT	262731.934416
ATA	347243.451524
ATC	196450.987936
ATG	294963.759684
ATT	431785.795618
CCA	267187.019636
CCC	184278.088128
CCG	20766.9683724
CCT	267812.700445
CTA	195496.964987
CTC	225145.832195
CTG	304407.515984
CTT	325585.837259
GCA	234742.326862
GCC	156710.685671
GCG	16207.1826331
GCT	218373.494209
GTA	169519.709764
GTC	128596.808999
GTG	199696.896503
GTT	216816.699244
TCA	328638.305069
TCC	218932.449965
TCG	15692.1430596
TCT	369649.352218
TTA	373788.492569
TTC	327892.268819
TTG	287778.64068
TTT	601846.035293
ACA	35339.3375221
ACC	14441.8337218
ACG	2067.91368736
ACT	25985.3210566
ATA	34499.1175671
ATC	19283.8497257
ATG	29950.5580375
ATT	43298.2557904
CCA	25989.2490015
CCC	16628.2877336
CCG	1640.68384543
CCT	26291.9948779
CTA	18763.5379109
CTC	22306.0330039
CTG	30551.4677318
CTT	31534.4005238
GCA	24730.3738413
GCC	14871.3573149
GCG	1513.93586525
GCT	21769.7653762
GTA	16570.7031743
GTC	12764.9015355
GTG	20567.2398469
GTT	20986.1770374
TCA	33298.0038694
TCC	21514.7800792
TCG	1476.68282885
TCT	36710.4959522
TTA	36593.0322182
TTC	32492.8960878
TTG	28634.2230227
TTT	58941.6297527
ACA	32880.1375967
ACC	16136.2658917
ACG	2337.10199431
ACT	24661.0098542
ATA	26600.8978045
ATC	19176.6185577
ATG	28028.9351718
ATT	35487.6987185
CCA	29747.1784789
CCC	22010.2859964
CCG	2286.03086867
CCT	30130.8591375
CTA	17849.280985
CTC	25080.7959927
CTG	33913.4941991
CTT	31998.9437554
GCA	25456.969963
GCC	17987.848162
GCG	1676.1940203
GCT	24033.002225
GTA	15107.2246151
GTC	13602.0164049
GTG	21047.0983758
GTT	20084.9958178
TCA	31306.5984215
TCC	23913.8051659
TCG	1624.79449701
TCT	36957.2628122
TTA	29848.2464588
TTC	31101.3691606
TTG	27706.4788712
TTT	49630.1838305
ACA	162969.850969
ACC	60233.2998637
ACG	7239.15619173
ACT	129208.103541
ATA	204304.4602
ATC	94910.7111877
ATG	141423.258556
ATT	241140.185739
CCA	101419.573202
CCC	56973.1716359
CCG	5505.89814485
CCT	101160.232722
CTA	100096.146193
CTC	85665.1408823
CTG	111458.379053
CTT	152209.461466
GCA	92050.6272169
GCC	48568.3651931
GCG	4464.87703087
GCT	84648.8263066
GTA	89255.5266376
GTC	51681.5689623
GTG	76286.3863026
GTT	106209.054604
TCA	156175.555628
TCC	85636.1239802
TCG	5527.75701683
TCT	174104.445731
TTA	212452.907929
TTC	156421.200478
TTG	137886.736455
TTT	324176.765685
ACA	207002.544408
ACC	79530.2434512
ACG	9168.53317147
ACT	164590.620973
ATA	250730.727869
ATC	121748.998615
ATG	180737.800161
ATT	298228.366265
CCA	134429.978511
CCC	77540.6822628
CCG	6893.31713612
CCT	135226.943964
CTA	128174.638514
CTC	114315.432894
CTG	149749.500425
CTT	196764.382691
GCA	121788.67848
GCC	66822.9735767
GCG	5578.73873494
GCT	113020.500759
GTA	113165.512588
GTC	68184.3373063
GTG	100727.941381
GTT	135410.296431
TCA	199728.417142
TCC	113599.900339
TCG	7080.39106183
TCT	223851.923325
TTA	263465.522703
TTC	200655.040137
TTG	176567.678742
TTT	404941.832403
ACA	64315.9424892
ACC	28915.4479759
ACG	3474.43934042
ACT	50587.7422558
ATA	63345.0498351
ATC	38415.1413356
ATG	55980.6818622
ATT	78574.6502438
CCA	50758.7085542
CCC	32618.0134969
CCG	2792.75549526
CCT	51325.9771092
CTA	38611.3949816
CTC	43519.9005737
CTG	56907.2472512
CTT	63451.2524951
GCA	43518.8517138
GCC	27271.6466427
GCG	2238.69023247
GCT	41360.8211729
GTA	32625.7767224
GTC	24664.0306731
GTG	36742.1093929
GTT	41262.8695022
TCA	62601.2782633
TCC	42603.9266963
TCG	2698.14584172
TCT	72702.1574654
TTA	68123.3608512
TTC	63334.9749762
TTG	55122.3597069
TTT	109995.329519
ACA	79752.8387496
ACC	36881.4900971
ACG	5348.97014294
ACT	60712.0894949
ATA	77121.5077254
ATC	45976.2819269
ATG	67751.3339932
ATT	95477.5812412
CCA	65559.8347963
CCC	48704.4937734
CCG	5540.03491335
CCT	68241.8680688
CTA	45106.3360221
CTC	57144.6156492
CTG	76196.3069089
CTT	75935.3751383
GCA	57188.355459
GCC	39431.7381766
GCG	4393.07786678
GCT	53248.8894574
GTA	38718.133231
GTC	31391.1317593
GTG	48768.689441
GTT	48892.2508558
TCA	76707.1165869
TCC	55029.6719324
TCG	3961.38866719
TCT	88685.8404466
TTA	81682.3340841
TTC	76888.7523004
TTG	65765.2397729
TTT	131211.856723
ACA	34686.0803865
ACC	18779.5485582
ACG	4025.18566959
ACT	23890.261667
ATA	20958.8301639
ATC	17871.7450885
ATG	27492.8435723
ATT	30556.4639515
CCA	35010.1539194
CCC	30194.5783232
CCG	4931.69331311
CCT	35734.130724
CTA	15364.5996213
CTC	30024.0958891
CTG	42875.7386858
CTT	31046.8720813
GCA	30638.7387405
GCC	25283.3617369
GCG	3851.39281111
GCT	28426.6161963
GTA	13032.9015882
GTC	16203.093436
GTG	27927.1801386
GTT	19979.0854541
TCA	31885.8056305
TCC	28161.0518182
TCG	2811.96609897
TCT	35483.8269763
TTA	26278.3633199
TTC	31217.8729622
TTG	26170.9099389
TTT	45813.2795603
ACA	73276.7610288
ACC	32657.1849654
ACG	6468.8822477
ACT	53484.6139246
ATA	64387.0019331
ATC	40349.217306
ATG	61131.2352596
ATT	83362.6759621
CCA	57830.3401807
CCC	39925.9119586
CCG	5351.53136429
CCT	58521.8819654
CTA	37978.5824832
CTC	49942.0666522
CTG	68432.013653
CTT	66459.5762664
GCA	52921.463718
GCC	33838.8107981
GCG	4307.39407339
GCT	48272.7918546
GTA	33313.7186353
GTC	28639.4792228
GTG	45648.623959
GTT	44600.0994453
TCA	69489.2771608
TCC	48028.5153554
TCG	4383.3265325
TCT	77324.9917376
TTA	71205.3958094
TTC	68602.5999175
TTG	58588.4325192
TTT	117056.863784
ACA	189161.133737
ACC	83920.5117522
ACG	11470.0903267
ACT	146265.628003
ATA	187008.888509
ATC	111088.726954
ATG	162763.247654
ATT	233623.979118
CCA	148108.138085
CCC	100601.095153
CCG	10146.5491374
CCT	151799.305855
CTA	109617.894264
CTC	128405.79043
CTG	168035.720215
CTT	184278.667823
GCA	130454.355678
GCC	82713.773353
GCG	8211.41482268
GCT	122221.765811
GTA	93519.4677337
GTC	71488.6919359
GTG	108213.658245
GTT	119916.77659
TCA	183299.057966
TCC	125171.12764
TCG	8743.8551237
TCT	212412.469854
TTA	201414.57456
TTC	185557.676318
TTG	159933.493127
TTT	325998.038274
ACA	1577.40382718
ACC	720.307708951
ACG	79.0858750849
ACT	1132.32995382
ATA	1353.09793857
ATC	860.537387587
ATG	1327.45541205
ATT	1641.7078691
CCA	1373.62095198
CCC	1025.28687294
CCG	79.1574784412
CCT	1412.38456672
CTA	804.113962365
CTC	1153.41703866
CTG	1676.90515677
CTT	1356.33415221
GCA	1233.86419168
GCC	926.10154374
GCG	71.514074863
GCT	1078.3695134
GTA	685.096125405
GTC	605.607881798
GTG	1044.21401907
GTT	882.099978852
TCA	1453.3716912
TCC	1074.77693865
TCG	54.5718332281
TCT	1708.60375536
TTA	1366.47759467
TTC	1418.69168569
TTG	1186.64521322
TTT	2251.27347581
ACA	269165.041435
ACC	99659.9522467
ACG	11859.4865965
ACT	211177.357956
ATA	320588.15517
ATC	156828.542703
ATG	235614.806175
ATT	385893.15568
CCA	168849.520806
CCC	89079.8284213
CCG	7741.57831662
CCT	166998.911994
CTA	162909.781308
CTC	143436.764754
CTG	188169.159083
CTT	252607.377929
GCA	158268.509484
GCC	79859.3793744
GCG	6732.04692951
GCT	143674.575481
GTA	143298.532171
GTC	87153.4012913
GTG	130921.785373
GTT	174538.606561
TCA	259319.996015
TCC	142796.790786
TCG	9059.77390456
TCT	287111.835864
TTA	336546.811412
TTC	259071.154966
TTG	229452.161458
TTT	524508.231434
ACA	385208.365504
ACC	156927.101761
ACG	18347.5847552
ACT	300995.838607
ATA	426395.70741
ATC	226861.693233
ATG	339330.867728
ATT	518293.744874
CCA	272895.983935
CCC	163307.264298
CCG	13912.3865021
CCT	272748.012007
CTA	230075.01868
CTC	232894.928461
CTG	303604.701951
CTT	369368.726445
GCA	243613.471794
GCC	141050.833478
GCG	11352.3214564
GCT	225174.939188
GTA	199206.365525
GTC	135850.317537
GTG	202727.194267
GTT	247034.223975
TCA	375514.600326
TCC	228835.36829
TCG	14270.4266892
TCT	422846.179305
TTA	449326.761304
TTC	374811.950523
TTG	329496.016593
TTT	702926.543564
ACA	19288.2113703
ACC	18085.5406985
ACG	3168.4845211
ACT	12576.8927551
ATA	4817.16713961
ATC	9102.5086793
ATG	14865.4120307
ATT	7597.18212957
CCA	36675.3021523
CCC	44831.6449766
CCG	7068.75645441
CCT	38669.4501057
CTA	7074.74112835
CTC	29851.1826782
CTG	46452.0459458
CTT	17289.916068
GCA	28492.3988622
GCC	36778.2388232
GCG	5361.19233895
GCT	27887.9968475
GTA	5311.11217853
GTC	14074.1540466
GTG	25394.2602988
GTT	8732.07965696
TCA	17870.389216
TCC	25781.486271
TCG	2439.25201213
TCT	20519.3674469
TTA	6020.76787836
TTC	15301.1609577
TTG	13296.2385559
TTT	12000.9900858
ACA	272777.403604
ACC	109976.110762
ACG	13018.626176
ACT	217245.789811
ATA	313904.136794
ATC	161306.579371
ATG	237298.563768
ATT	375530.419809
CCA	186586.854122
CCC	109846.854457
CCG	9672.43458831
CCT	189116.974212
CTA	168748.800156
CTC	160566.514147
CTG	207359.270059
CTT	263958.690694
GCA	166090.427412
GCC	94187.1222221
GCG	7896.42887798
GCT	154839.535373
GTA	147084.761275
GTC	94011.3354922
GTG	139497.548447
GTT	177936.061748
TCA	264820.629201
TCC	158821.849489
TCG	9943.13449329
TCT	300500.601458
TTA	329245.99544
TTC	267132.849685
TTG	234577.32087
TTT	516238.960602
ACA	0
ACC	0
ACG	0
ACT	0
ATA	0
ATC	0
ATG	0
ATT	0
CCA	0
CCC	0
CCG	0
CCT	0
CTA	0
CTC	0
CTG	0
CTT	0
GCA	0
GCC	0
GCG	0
GCT	0
GTA	0
GTC	0
GTG	0
GTT	0
TCA	0
TCC	0
TCG	0
TCT	0
TTA	0
TTC	0
TTG	0
TTT	0
ACA	0
ACC	0
ACG	0
ACT	0
ATA	0
ATC	0
ATG	0
ATT	0
CCA	0
CCC	0
CCG	0
CCT	0
CTA	0
CTC	0
CTG	0
CTT	0
GCA	0
GCC	0
GCG	0
GCT	0
GTA	0
GTC	0
GTG	0
GTT	0
TCA	0
TCC	0
TCG	0
TCT	0
TTA	0
TTC	0
TTG	0
TTT	0
ACA	0
ACC	0
ACG	0
ACT	0
ATA	0
ATC	0
ATG	0
ATT	0
CCA	0
CCC	0
CCG	0
CCT	0
CTA	0
CTC	0
CTG	0
CTT	0
GCA	0
GCC	0
GCG	0
GCT	0
GTA	0
GTC	0
GTG	0
GTT	0
TCA	0
TCC	0
TCG	0
TCT	0
TTA	0
TTC	0
TTG	0
TTT	0
ACA	0
ACC	0
ACG	0
ACT	0
ATA	0
ATC	0
ATG	0
ATT	0
CCA	0
CCC	0
CCG	0
CCT	0
CTA	0
CTC	0
CTG	0
CTT	0
GCA	0
GCC	0
GCG	0
GCT	0
GTA	0
GTC	0
GTG	0
GTT	0
TCA	0
TCC	0
TCG	0
TCT	0
TTA	0
TTC	0
TTG	0
TTT	0
ACA	146947.276679
ACC	61173.8557018
ACG	7417.91878977
ACT	113778.525219
ATA	152342.108502
ATC	86377.3684873
ATG	128800.419155
ATT	190877.009229
CCA	106389.506902
CCC	62495.9250279
CCG	5346.22464906
CCT	105169.209048
CTA	86555.9161692
CTC	90052.8126774
CTG	117373.185906
CTT	142537.58287
GCA	95248.9327284
GCC	54105.0565289
GCG	4406.8876455
GCT	87675.6587357
GTA	74043.4799466
GTC	52336.9798666
GTG	79279.4124846
GTT	95047.3955328
TCA	142626.354389
TCC	88460.6774191
TCG	5605.09672579
TCT	162142.466083
TTA	163836.782465
TTC	143949.618539
TTG	127487.828238
TTT	266470.298169
ACA	927.629698443
ACC	554.010127378
ACG	79.7464957959
ACT	673.747048731
ATA	492.618892774
ATC	547.697606735
ATG	823.76379285
ATT	744.456206632
CCA	1113.20849319
CCC	871.73454423
CCG	80.0946886654
CCT	1076.02049271
CTA	407.055639584
CTC	884.833806616
CTG	1353.85089486
CTT	900.338403983
GCA	945.335056232
GCC	748.230816143
GCG	57.569585985
GCT	866.527581471
GTA	326.015293654
GTC	484.07217532
GTG	803.86602768
GTT	520.958620736
TCA	938.780543112
TCC	840.343324672
TCG	47.1268191907
TCT	1024.91121559
TTA	537.716657256
TTC	858.518026395
TTG	781.257773984
TTT	1077.51018239
ACA	267907.12895
ACC	133515.792905
ACG	16816.1937324
ACT	206598.028113
ATA	239863.454138
ATC	157122.813193
ATG	233023.217274
ATT	303065.807235
CCA	242281.97065
CCC	180995.462359
CCG	18305.2714587
CCT	245133.516478
CTA	153542.846444
CTC	205011.453557
CTG	276702.187026
CTT	263527.048546
GCA	201276.994733
GCC	148762.378788
GCG	14050.0370235
GCT	192183.879206
GTA	128300.846893
GTC	112807.27081
GTG	172857.66973
GTT	168997.216609
TCA	260112.433908
TCC	197378.779029
TCG	13034.7106039
TCT	301441.219033
TTA	259513.927598
TTC	261054.441862
TTG	227957.548145
TTT	428475.534189
ACA	53496.2273797
ACC	42853.6773605
ACG	8228.75271697
ACT	36001.2501745
ATA	19167.0450247
ATC	26410.0014013
ATG	40994.037545
ATT	30245.2285675
CCA	85698.2182966
CCC	96610.2928588
CCG	15010.2127975
CCT	87305.5213164
CTA	21352.3559922
CTC	68157.6364149
CTG	105231.760979
CTT	49183.1152859
GCA	65037.5784108
GCC	77525.3979626
GCG	10596.4601138
GCT	64715.697797
GTA	16799.3075825
GTC	34770.3126631
GTG	59291.2858794
GTT	27867.5607566
TCA	48879.7490285
TCC	61348.9035701
TCG	6159.2780209
TCT	57091.4760992
TTA	24639.374186
TTC	45514.6339877
TTG	40067.3184279
TTT	48787.7121215
ACA	132323.032474
ACC	57790.1222957
ACG	10313.8522505
ACT	98052.1043566
ATA	121499.462846
ATC	75865.3502895
ATG	113519.981476
ATT	158161.861318
CCA	101201.697514
CCC	65856.8775401
CCG	8267.66433403
CCT	100877.575032
CTA	71473.4109434
CTC	86615.9310474
CTG	117181.169378
CTT	123566.866543
GCA	91817.5629485
GCC	56059.5120825
GCG	6620.14110742
GCT	83724.9593404
GTA	62164.0762675
GTC	50652.925109
GTG	78504.0871575
GTT	83652.0096731
TCA	127239.052376
TCC	84806.0964511
TCG	7494.48383515
TCT	142203.94275
TTA	135047.891107
TTC	127537.031482
TTG	109496.258832
TTT	222453.870887
ACA	114354.402411
ACC	44897.226276
ACG	6154.77975764
ACT	88433.7750785
ATA	122056.070765
ATC	66417.7347874
ATG	98743.0950246
ATT	153284.846129
CCA	77549.8246536
CCC	44080.6499715
CCG	4409.10106228
CCT	76734.8918518
CTA	66931.2953833
CTC	65130.1861302
CTG	87052.3617826
CTT	108643.147848
GCA	71291.9418275
GCC	38472.3876089
GCG	3715.67973001
GCT	65204.6584397
GTA	58158.6685857
GTC	38903.6125747
GTG	58307.2518013
GTT	74410.6099173
TCA	110385.061714
TCC	65225.7703839
TCG	4745.19936069
TCT	123900.705451
TTA	133467.757331
TTC	111742.410188
TTG	97171.3083845
TTT	213396.278047
ACA	20002.1732739
ACC	11576.1562613
ACG	1405.89545946
ACT	14276.5222265
ATA	12222.7180171
ATC	10664.7945326
ATG	17156.3316401
ATT	16763.9724773
CCA	22516.9120654
CCC	19298.9792567
CCG	1891.01692343
CCT	23149.0000926
CTA	9552.36864863
CTC	18852.599751
CTG	26872.0050658
CTT	18466.93208
GCA	18723.5393155
GCC	16265.5391676
GCG	1473.64679141
GCT	17387.8556996
GTA	7635.96128073
GTC	9806.36237938
GTG	16322.6547927
GTT	10944.5681113
TCA	18935.6171859
TCC	17344.9598698
TCG	1090.74150247
TCT	21661.3697945
TTA	13808.1253703
TTC	17901.64007
TTG	15530.1049415
TTT	24503.5520657
ACA	14277.7472358
ACC	8507.95409089
ACG	950.112087956
ACT	10609.7916817
ATA	8925.45649829
ATC	7853.30704355
ATG	12409.5452916
ATT	12192.1277775
CCA	16303.3414536
CCC	13632.2444458
CCG	1211.35509386
CCT	16547.3234742
CTA	7246.47451472
CTC	13731.6650255
CTG	19469.8651998
CTT	13733.7064372
GCA	13582.168785
GCC	11559.4869568
GCG	976.580084798
GCT	12930.2348444
GTA	5823.88892229
GTC	7215.24068191
GTG	11538.7348345
GTT	8226.30095392
TCA	13655.1784476
TCC	12751.7389369
TCG	746.599559696
TCT	15840.1317232
TTA	10223.6637215
TTC	12993.4942443
TTG	11693.4299793
TTT	17765.7825687
ACA	501748.445172
ACC	231834.676284
ACG	26988.2842504
ACT	392103.703421
ATA	497639.305712
ATC	295721.901271
ATG	437653.155158
ATT	619788.993816
CCA	415125.490102
CCC	289472.454538
CCG	25741.9395041
CCT	419729.272938
CTA	295960.990845
CTC	352361.962502
CTG	466457.083393
CTT	493483.46295
GCA	352003.627692
GCC	240871.572428
GCG	20605.3115271
GCT	335907.469207
GTA	249832.899484
GTC	196698.774967
GTG	295999.533817
GTT	319950.292333
TCA	489017.61892
TCC	341143.448486
TCG	21327.6409575
TCT	562305.84787
TTA	535313.540102
TTC	488899.529417
TTG	431831.264167
TTT	860591.414441
ACA	69524.4027051
ACC	40283.436782
ACG	7718.834722
ACT	47380.4676102
ATA	40983.8806761
ATC	36859.5921071
ATG	57397.9085023
ATT	59774.9180637
CCA	77742.4580175
CCC	67731.8688198
CCG	9619.82074406
CCT	77205.5510351
CTA	30168.7481346
CTC	62946.288256
CTG	93390.5431661
CTT	62404.0471386
GCA	66238.9439744
GCC	57775.342501
GCG	7255.62878892
GCT	61621.1147474
GTA	25277.9476476
GTC	33947.0475157
GTG	57640.3041092
GTT	39135.0296077
TCA	65076.4154285
TCC	59012.0941163
TCG	5248.73172933
TCT	71971.5476811
TTA	48687.9930162
TTC	61641.7334631
TTG	54608.6802322
TTT	87521.2159248
ACA	6216.78711484
ACC	6090.23785248
ACG	1244.3773328
ACT	3900.31115183
ATA	1457.74178506
ATC	2636.5624206
ATG	4187.63440593
ATT	2164.94374191
CCA	11607.8335288
CCC	15148.2901861
CCG	2675.61684964
CCT	12102.8968129
CTA	2066.77256586
CTC	8932.0286664
CTG	14717.1966136
CTT	5084.07203464
GCA	8456.75932983
GCC	11677.0515641
GCG	1773.50773435
GCT	8332.73039756
GTA	1704.89614741
GTC	4714.43631705
GTG	8357.51402439
GTT	2795.78032743
TCA	5420.04456555
TCC	7835.21299079
TCG	886.880312007
TCT	6007.56452118
TTA	1789.31243179
TTC	4456.30004732
TTG	4073.6033197
TTT	3794.73531765
ACA	304188.046883
ACC	142655.759899
ACG	16886.5010837
ACT	237989.245692
ATA	306565.557101
ATC	179771.303052
ATG	265151.667687
ATT	374428.259292
CCA	257674.962122
CCC	187982.518118
CCG	18163.7601125
CCT	262970.739258
CTA	181590.196709
CTC	218623.128545
CTG	291165.999244
CTT	298908.167518
GCA	215743.840283
GCC	156156.925618
GCG	13772.0408632
GCT	207621.097507
GTA	151680.169275
GTC	120836.220042
GTG	182469.832103
GTT	191360.867297
TCA	297911.580395
TCC	210103.692759
TCG	12990.4349113
TCT	344227.215691
TTA	322735.208111
TTC	296711.892279
TTG	259732.364607
TTT	515978.77011
ACA	0
ACC	0
ACG	0
ACT	0
ATA	0
ATC	0
ATG	0
ATT	0
CCA	0
CCC	0
CCG	0
CCT	0
CTA	0
CTC	0
CTG	0
CTT	0
GCA	0
GCC	0
GCG	0
GCT	0
GTA	0
GTC	0
GTG	0
GTT	0
TCA	0
TCC	0
TCG	0
TCT	0
TTA	0
TTC	0
TTG	0
TTT	0
ACA	74224.6427071
ACC	48455.8058449
ACG	6725.20530573
ACT	56755.5389885
ATA	53715.8671607
ATC	43489.344292
ATG	62710.3261667
ATT	68381.4712649
CCA	90833.9135046
CCC	89682.3005359
CCG	11378.4296087
CCT	94734.2168688
CTA	40122.8223755
CTC	76473.7773774
CTG	105456.577108
CTT	74976.6503
GCA	69285.0089519
GCC	69076.9000042
GCG	8350.52121665
GCT	68327.6937352
GTA	32708.6136651
GTC	38788.6974398
GTG	61908.189754
GTT	44311.406414
TCA	72767.9048297
TCC	70924.7319442
TCG	5526.12479652
TCT	85892.9408818
TTA	57623.1532461
TTC	71434.5998263
TTG	62255.9491608
TTT	97743.1246186
ACA	113896.623071
ACC	57908.3659902
ACG	6683.24823867
ACT	89544.8926208
ATA	106318.994922
ATC	66686.521882
ATG	98626.2362541
ATT	129962.714459
CCA	104754.189936
CCC	82051.9071888
CCG	7858.96934429
CCT	109106.87264
CTA	67255.9655071
CTC	89907.9120281
CTG	120727.357567
CTT	112419.126113
GCA	86397.2575752
GCC	67240.1938445
GCG	5938.43173895
GCT	83155.7221706
GTA	56104.697228
GTC	48668.8323442
GTG	74515.4534712
GTT	70640.4511684
TCA	111805.215443
TCC	85163.6274359
TCG	5279.06358677
TCT	128942.347351
TTA	113425.091719
TTC	110121.311401
TTG	95982.2330107
TTT	179807.390946
ACA	49981.893569
ACC	19636.5903194
ACG	2064.52343579
ACT	40170.5711113
ATA	57564.7349853
ATC	29909.5124892
ATG	44317.5963106
ATT	69060.0744111
CCA	33501.9442583
CCC	18395.9326248
CCG	1416.41723916
CCT	33701.6774659
CTA	31127.3559918
CTC	28928.7139067
CTG	37439.918432
CTT	48506.8396811
GCA	30348.916834
GCC	16228.7178555
GCG	1183.16496932
GCT	28462.863312
GTA	26905.1630694
GTC	16928.6723627
GTG	25041.0736349
GTT	32472.6337532
TCA	49181.5473574
TCC	28465.8294488
TCG	1661.13432103
TCT	55904.3830518
TTA	60059.1850341
TTC	49497.0813538
TTG	42695.2165775
TTT	93442.8887297
ACA	271265.920732
ACC	128359.40249
ACG	16246.6018912
ACT	212201.335011
ATA	262494.380512
ATC	162745.331266
ATG	237690.634171
ATT	328503.039661
CCA	229271.905582
CCC	164337.230186
CCG	15346.9334157
CCT	238084.725061
CTA	161891.26423
CTC	203797.783003
CTG	262839.994422
CTT	270252.900351
GCA	198802.69551
GCC	133794.556638
GCG	12067.6717807
GCT	188239.085772
GTA	134571.682241
GTC	109029.333186
GTG	165897.594107
GTT	171745.690557
TCA	266904.172132
TCC	194074.84627
TCG	12493.5047049
TCT	313109.106119
TTA	280663.350688
TTC	269707.512039
TTG	233498.786214
TTT	450596.027358
ACA	50396.9196155
ACC	29721.6035281
ACG	4584.98672734
ACT	39152.3654494
ATA	34827.0828663
ATC	29771.3107998
ATG	43225.4705715
ATT	46761.1234212
CCA	54705.7634798
CCC	47672.5328906
CCG	5275.63837203
CCT	58779.6775894
CTA	28066.9995723
CTC	49435.9882007
CTG	64488.6945745
CTT	52965.1351039
GCA	44932.568637
GCC	36856.1141678
GCG	4002.67442629
GCT	43622.67036
GTA	22344.4686454
GTC	24968.943645
GTG	38979.5196249
GTT	31222.3534671
TCA	49331.0754472
TCC	46429.7173483
TCG	3307.66189578
TCT	60723.889232
TTA	39669.8505066
TTC	51152.6993762
TTG	42285.7548634
TTT	69160.8636965
ACA	173209.183047
ACC	66425.8553444
ACG	8197.83526945
ACT	138411.069231
ATA	206109.511946
ATC	103172.173953
ATG	151273.205984
ATT	247261.489484
CCA	110779.582142
CCC	59977.0128207
CCG	5173.76790307
CCT	111935.174125
CTA	107659.910853
CTC	96009.2219747
CTG	122576.22507
CTT	167714.026925
GCA	100370.910966
GCC	51719.0056293
GCG	4288.7067732
GCT	92062.9956405
GTA	95000.0009438
GTC	56991.7902483
GTG	84101.3073125
GTT	114828.702759
TCA	167977.002246
TCC	95903.3904087
TCG	6135.96249642
TCT	191066.863063
TTA	217552.424315
TTC	171900.287709
TTG	148825.010767
TTT	339968.476628
ACA	475185.338927
ACC	195284.481818
ACG	21827.6850426
ACT	380239.308152
ATA	553766.223207
ATC	284443.45066
ATG	417839.32024
ATT	667448.705743
CCA	334736.988935
CCC	208493.088534
CCG	18220.3825829
CCT	339222.114619
CTA	295681.60003
CTC	289248.566387
CTG	369499.411962
CTT	465805.644296
GCA	293617.940195
GCC	171200.810296
GCG	14530.0694798
GCT	275745.218583
GTA	255294.781362
GTC	166027.043373
GTG	244471.569207
GTT	312218.501534
TCA	464451.373952
TCC	285090.844593
TCG	17571.1167374
TCT	531551.899323
TTA	582103.054295
TTC	471921.177246
TTG	412615.347178
TTT	910672.947337
ACA	68695.2497263
ACC	38164.1613333
ACG	5242.2661878
ACT	52210.6104843
ATA	51121.9107459
ATC	40947.477051
ATG	59263.8917846
ATT	68706.6972457
CCA	70609.4068493
CCC	57827.1371262
CCG	6416.98911304
CCT	70999.5921548
CTA	37795.1941814
CTC	58804.1469121
CTG	80032.1717268
CTT	68858.2738821
GCA	57330.4884486
GCC	45158.4576432
GCG	4958.26912313
GCT	55444.9473162
GTA	30634.0092515
GTC	31592.4531277
GTG	48482.3191251
GTT	43093.5196656
TCA	67827.848398
TCC	56572.8604116
TCG	4361.81296733
TCT	78656.4833048
TTA	58759.4027796
TTC	67347.7115242
TTG	59531.453011
TTT	99376.9877112
ACA	59516.6967364
ACC	31535.9208962
ACG	5811.93312794
ACT	41901.6936543
ATA	41680.975943
ATC	33086.4430858
ATG	50075.0885642
ATT	57611.8662632
CCA	59168.8421535
CCC	48574.9211016
CCG	6572.16850376
CCT	59010.9738934
CTA	28446.5426655
CTC	49376.4599451
CTG	70143.1759728
CTT	54864.1192892
GCA	50516.5052725
GCC	39991.4662893
GCG	4995.41808084
GCT	47340.0129961
GTA	23908.6539179
GTC	26864.0467042
GTG	44022.4017768
GTT	35069.757333
TCA	56896.7763429
TCC	46705.8950392
TCG	4049.27626697
TCT	63949.713293
TTA	47454.0572849
TTC	55257.5386594
TTG	47925.8410316
TTT	82873.1773403
ACA	4783.16705078
ACC	3410.20582322
ACG	848.23968691
ACT	2926.88328473
ATA	1757.52280041
ATC	2208.87893338
ATG	3361.39029436
ATT	2642.44471261
CCA	6518.96851306
CCC	7379.73069184
CCG	1403.56758474
CCT	6795.67196743
CTA	1569.20636868
CTC	5491.37501337
CTG	8427.09145569
CTT	3798.99960292
GCA	5341.04883489
GCC	6085.33226919
GCG	1050.01141647
GCT	5152.54419831
GTA	1473.99119575
GTC	2766.96307638
GTG	5069.07023275
GTT	2396.69899331
TCA	4232.72524353
TCC	4990.35753333
TCG	561.365372422
TCT	4587.8681794
TTA	2169.29737589
TTC	3906.1933569
TTG	3084.51400375
TTT	4193.53675942
ACA	454621.480227
ACC	164804.396836
ACG	20480.7180164
ACT	354487.550605
ATA	555811.713278
ATC	261894.368607
ATG	393633.236551
ATT	659594.022681
CCA	278525.447011
CCC	149008.574753
CCG	13266.7008183
CCT	277444.781868
CTA	272644.027985
CTC	237288.369667
CTG	310633.079679
CTT	420307.178267
GCA	261229.171056
GCC	133046.265059
GCG	11422.839207
GCT	237398.738498
GTA	243491.35508
GTC	143437.877656
GTG	214786.472761
GTT	292563.091309
TCA	434221.121762
TCC	235347.436678
TCG	15500.4730442
TCT	481760.549953
TTA	579175.962791
TTC	431949.935079
TTG	382247.05871
TTT	889589.066612
ACA	186689.033928
ACC	68720.164643
ACG	10277.2249285
ACT	141348.675571
ATA	216698.308433
ATC	106540.392512
ATG	162310.682002
ATT	262271.753775
CCA	117191.67466
CCC	64837.2222133
CCG	6797.87845227
CCT	116035.361702
CTA	106794.537955
CTC	99145.2746054
CTG	131696.448089
CTT	169192.2792
GCA	111598.523358
GCC	57701.0192203
GCG	5784.73652897
GCT	99370.9124423
GTA	96232.8041309
GTC	59990.6053122
GTG	92218.3952432
GTT	117699.948953
TCA	177836.816425
TCC	98607.8410237
TCG	7388.48971288
TCT	194934.488498
TTA	225891.538231
TTC	175885.258994
TTG	154534.734141
TTT	352385.380502
ACA	16867.510496
ACC	9920.30149094
ACG	2594.50187074
ACT	11048.7261241
ATA	8593.24721276
ATC	8091.95671145
ATG	12571.7275095
ATT	12798.5523816
CCA	18401.9172206
CCC	17076.6451552
CCG	3343.69721124
CCT	18619.2098938
CTA	6649.26096182
CTC	15368.3514155
CTG	23375.6019399
CTT	14077.2362462
GCA	16123.1061569
GCC	14596.9372185
GCG	2440.18550585
GCT	14908.4926363
GTA	5717.69207814
GTC	8346.49990512
GTG	15293.0141041
GTT	9381.08491325
TCA	14965.2151964
TCC	14005.2864154
TCG	1563.11258918
TCT	16452.4593284
TTA	11094.663974
TTC	14189.0108115
TTG	11840.4509094
TTT	20022.0830755
ACA	582779.18322
ACC	264665.585326
ACG	33990.5907697
ACT	458402.727099
ATA	603062.354543
ATC	340715.967217
ATG	503521.730529
ATT	740824.745327
CCA	464637.162861
CCC	325094.331526
CCG	33419.1287411
CCT	471836.098896
CTA	345168.642075
CTC	394029.058582
CTG	527232.162531
CTT	568615.44639
GCA	399011.605313
GCC	271263.686662
GCG	26304.9766437
GCT	378953.403593
GTA	297226.735174
GTC	222331.061514
GTG	338471.852113
GTT	374274.389299
TCA	565145.197643
TCC	381830.454946
TCG	25656.5388597
TCT	646462.335411
TTA	646197.102368
TTC	567118.634366
TTG	496529.188944
TTT	1026936.40462
ACA	18.4093059003
ACC	4.27196727268
ACG	0.317827905159
ACT	5.52229836677
ATA	19.1953169651
ATC	5.7820589274
ATG	11.1115527077
ATT	24.4923245756
CCA	2.76443118656
CCC	2.13934241973
CCG	0.556100196536
CCT	4.77289307928
CTA	7.32139320505
CTC	5.03240214896
CTG	4.17166554975
CTT	8.96029207093
GCA	4.01170884364
GCC	0.792410266811
GCG	0
GCT	2.53495957498
GTA	8.29216780024
GTC	3.0018611474
GTG	5.18889760571
GTT	7.98144518503
TCA	11.0361314407
TCC	3.58518734231
TCG	0
TCT	13.6688632244
TTA	21.9739786277
TTC	13.2487033399
TTG	10.2767138307
TTT	32.5608179412
ACA	23723.363257
ACC	10762.8892297
ACG	1709.41377266
ACT	16632.3246305
ATA	19330.5591138
ATC	12469.1615923
ATG	20070.5739557
ATT	24598.8654879
CCA	19892.2153766
CCC	13419.6133825
CCG	1578.62954846
CCT	19462.8983755
CTA	11394.5819033
CTC	15741.769166
CTG	22632.3051124
CTT	20339.213311
GCA	17880.6817416
GCC	11807.8874581
GCG	1277.88921278
GCT	15497.8963768
GTA	10248.7715029
GTC	8978.37370739
GTG	15490.1635238
GTT	13300.8669357
TCA	21839.0762831
TCC	15401.1252193
TCG	1229.81538123
TCT	23315.6429915
TTA	20439.9231221
TTC	20601.6713877
TTG	18383.3988756
TTT	34058.6606258
ACA	361904.933289
ACC	176336.883235
ACG	21156.0746675
ACT	286401.404777
ATA	341411.65213
ATC	212904.517824
ATG	312388.791624
ATT	426367.67777
CCA	314731.190853
CCC	228508.048137
CCG	21383.2181425
CCT	323080.791254
CTA	215876.618784
CTC	268461.08344
CTG	358479.50132
CTT	362276.853905
GCA	262684.124095
GCC	189266.130389
GCG	16954.6316337
GCT	254395.683314
GTA	182123.122527
GTC	147675.261536
GTG	223464.307244
GTT	232645.37535
TCA	353107.055615
TCC	258968.544856
TCG	16779.903824
TCT	408765.785788
TTA	374289.317582
TTC	355893.348422
TTG	311404.530087
TTT	606755.648223
ACA	9247.73084256
ACC	4551.78699713
ACG	538.156327378
ACT	7205.45571504
ATA	8233.30805968
ATC	5389.26691867
ATG	7935.40785212
ATT	10330.6639451
CCA	8109.42189728
CCC	5660.94648977
CCG	521.445332841
CCT	8167.15914625
CTA	5321.58261343
CTC	6713.28608235
CTG	9028.37885223
CTT	9100.5515262
GCA	6650.79496714
GCC	4682.43808728
GCG	417.636671229
GCT	6322.59546364
GTA	4554.80744155
GTC	3813.1163217
GTG	5766.1966429
GTT	5848.41494898
TCA	8790.82044301
TCC	6696.76483958
TCG	406.032021262
TCT	10335.6897372
TTA	8947.60902862
TTC	9008.34013602
TTG	7764.46616547
TTT	14878.9544919
ACA	119993.804178
ACC	59587.9630684
ACG	8566.85596683
ACT	91722.7140189
ATA	103001.723425
ATC	69948.7848583
ATG	103908.845987
ATT	133709.762948
CCA	106841.600053
CCC	77466.4881452
CCG	8263.7364709
CCT	108659.052031
CTA	67167.4832328
CTC	91080.6671209
CTG	121891.01727
CTT	118955.200952
GCA	91534.4369362
GCC	65082.605772
GCG	6413.70234739
GCT	86612.1585319
GTA	56146.6293816
GTC	50371.5543467
GTG	77726.4073308
GTT	75647.7329328
TCA	116734.251254
TCC	87386.3720132
TCG	6343.55610452
TCT	134973.338531
TTA	113674.461674
TTC	117093.956385
TTG	102430.134805
TTT	190914.778065
ACA	49521.3865337
ACC	34027.2422104
ACG	6908.85578299
ACT	34394.5630291
ATA	27174.1651346
ATC	26114.6765892
ATG	39577.345221
ATT	37808.0004047
CCA	64809.3765141
CCC	68303.7203276
CCG	11761.4483159
CCT	66603.1585034
CTA	22510.0548856
CTC	52682.9374863
CTG	78486.4220167
CTT	45877.8978956
GCA	51561.5561539
GCC	54739.0962052
GCG	8400.11309042
GCT	49871.3319942
GTA	18707.7631031
GTC	27521.4441342
GTG	46162.4212181
GTT	27604.7998478
TCA	46005.304323
TCC	47968.2724127
TCG	4853.421332
TCT	53511.9407631
TTA	31415.6104967
TTC	43728.8537471
TTG	38117.5664155
TTT	55840.1681311
ACA	95749.55107
ACC	53456.8458268
ACG	7620.60434458
ACT	72749.1665173
ATA	70372.4660407
ATC	57549.1608005
ATG	83326.9774009
ATT	95928.7384875
CCA	97793.3005841
CCC	77841.5612322
CCG	8817.59751808
CCT	98678.6673249
CTA	52215.7599718
CTC	82551.0695091
CTG	110860.773235
CTT	96428.9680349
GCA	79289.6236776
GCC	61536.4836978
GCG	6817.68659039
GCT	76596.2335679
GTA	42542.939919
GTC	44466.1828618
GTG	67834.684289
GTT	60257.9214131
TCA	94747.78412
TCC	79133.3627623
TCG	5882.76835494
TCT	110486.123183
TTA	80505.6081965
TTC	94511.7427364
TTG	83086.481785
TTT	137558.98294
ACA	1579.94716724
ACC	799.06314447
ACG	77.9066269345
ACT	1105.7775409
ATA	1358.03422501
ATC	795.324506438
ATG	1370.80935051
ATT	1609.78652918
CCA	1511.88767151
CCC	1292.25488656
CCG	100.642267962
CCT	1486.09845086
CTA	755.132393269
CTC	1261.33549669
CTG	1703.50253279
CTT	1410.35011659
GCA	1251.07961496
GCC	1031.42762261
GCG	118.349266042
GCT	1179.52601169
GTA	675.060623631
GTC	642.969062794
GTG	1080.07697586
GTT	864.314004377
TCA	1452.52052434
TCC	1162.36843005
TCG	56.1328242743
TCT	1694.01868485
TTA	1398.97629882
TTC	1407.45214984
TTG	1206.49095199
TTT	2279.90515274
ACA	265563.487586
ACC	134948.257727
ACG	19484.5530158
ACT	198778.67843
ATA	225988.33863
ATC	153913.623909
ATG	229867.420907
ATT	292497.960268
CCA	248111.762274
CCC	192063.073746
CCG	21370.499288
CCT	248476.50331
CTA	143863.117265
CTC	206045.156145
CTG	281993.438365
CTT	256630.668047
GCA	207326.086334
GCC	156705.786998
GCG	16599.5609841
GCT	195678.571661
GTA	120872.137371
GTC	113290.010245
GTG	176450.11805
GTT	163754.081769
TCA	258018.833374
TCC	197839.181629
TCG	14812.1710674
TCT	295011.807698
TTA	246786.084294
TTC	254761.862717
TTG	224614.098562
TTT	411056.538185
ACA	11827.5604783
ACC	9949.39969208
ACG	2287.40926829
ACT	7228.23526059
ATA	2944.90899714
ATC	5099.65428452
ATG	8105.21463396
ATT	4730.10926362
CCA	19310.9637486
CCC	23261.0517194
CCG	4458.89334537
CCT	20045.097603
CTA	3790.4083391
CTC	15745.7251274
CTG	24798.0298095
CTT	9754.60242477
GCA	15047.9945585
GCC	18790.8049718
GCG	2954.07677146
GCT	14921.5997192
GTA	3232.69983034
GTC	7933.55013893
GTG	14496.6324284
GTT	5500.07697017
TCA	10274.351497
TCC	13731.7693323
TCG	1562.46963404
TCT	11719.9667774
TTA	4005.8548043
TTC	9061.56157614
TTG	7572.58951718
TTT	8586.04114767
ACA	104143.030775
ACC	62649.5240245
ACG	9736.00259871
ACT	78539.1115249
ATA	70935.6021934
ATC	59653.0105197
ATG	86586.989778
ATT	93941.6646659
CCA	117641.078859
CCC	105946.542688
CCG	13571.6978141
CCT	122554.668107
CTA	54846.5555876
CTC	100798.53679
CTG	137199.496155
CTT	104537.774188
GCA	92331.4212324
GCC	83748.4852091
GCG	10321.8794632
GCT	91619.002457
GTA	44932.2162935
GTC	51837.9463901
GTG	81167.5289649
GTT	62729.7892695
TCA	101532.600315
TCC	94346.646942
TCG	7672.27209453
TCT	120580.880968
TTA	79504.5441769
TTC	101676.911465
TTG	86143.9579157
TTT	139584.073464
ACA	51152.9936792
ACC	29381.1435194
ACG	3334.97748285
ACT	40808.0627174
ATA	40983.723452
ATC	30817.3612132
ATG	44756.5300669
ATT	52921.8777802
CCA	53718.548627
CCC	44379.1948843
CCG	4141.27142791
CCT	56045.0964269
CTA	30015.3573327
CTC	46299.7350583
CTG	61705.7001729
CTT	53448.4737504
GCA	43304.6919251
GCC	35202.9166446
GCG	3336.92382945
GCT	42568.1594492
GTA	24409.4742525
GTC	23951.302843
GTG	36546.4949065
GTT	32362.2361033
TCA	50772.765862
TCC	43775.6982143
TCG	2692.53258714
TCT	60826.9491197
TTA	45609.6847118
TTC	51152.9359111
TTG	44278.6601378
TTT	75855.1904824
ACA	158408.288356
ACC	88330.0218507
ACG	10834.1410246
ACT	124885.449492
ATA	135861.690675
ATC	94031.1789294
ATG	134920.405197
ATT	170923.546907
CCA	160773.624977
CCC	142251.49772
CCG	15106.5778471
CCT	169244.649493
CTA	92745.48268
CTC	140135.620194
CTG	183265.652369
CTT	162704.844587
GCA	126093.123886
GCC	105900.024243
GCG	11562.0667436
GCT	125364.473119
GTA	76110.1874552
GTC	72087.92259
GTG	110024.889873
GTT	100654.292259
TCA	154439.968087
TCC	132709.794136
TCG	9171.66239597
TCT	185339.239926
TTA	149524.888146
TTC	157330.615871
TTG	136241.054703
TTT	246130.360259
ACA	95731.7943737
ACC	54626.4873327
ACG	8384.59709045
ACT	71527.809209
ATA	73941.2336595
ATC	55226.591272
ATG	81293.1432356
ATT	96976.7205613
CCA	102753.425986
CCC	89679.9773382
CCG	10955.4161696
CCT	104691.594807
CTA	50999.141289
CTC	86341.3462577
CTG	118075.404293
CTT	95260.3470758
GCA	83008.7466442
GCC	71083.25724
GCG	8272.43947702
GCT	80148.6472522
GTA	42060.9881698
GTC	45167.6009506
GTG	70679.8892707
GTT	58865.8061541
TCA	92768.4941784
TCC	81906.6412228
TCG	6484.11990731
TCT	108923.208405
TTA	82756.4666131
TTC	92968.0764876
TTG	81204.0495589
TTT	140562.403797
ACA	22833.8993312
ACC	18396.7969474
ACG	4459.02886971
ACT	14513.1640634
ATA	7188.2504108
ATC	10516.7552454
ATG	16151.7155202
ATT	11360.746476
CCA	35583.5990814
CCC	41981.4795798
CCG	8064.99803661
CCT	37351.8275848
CTA	8287.69970781
CTC	29025.1439305
CTG	45307.5557886
CTT	20140.2423616
GCA	28270.7249645
GCC	33750.6389675
GCG	5631.48475461
GCT	27860.1283967
GTA	6811.10342381
GTC	14749.3791637
GTG	26286.4770927
GTT	11630.2770098
TCA	19866.1388772
TCC	25872.1108069
TCG	2901.45493685
TCT	23227.3107622
TTA	9575.541802
TTC	18560.168844
TTG	15967.9505232
TTT	19603.9807422
ACA	97654.1577485
ACC	40324.9657293
ACG	6004.06132765
ACT	74988.2267406
ATA	96175.6039421
ATC	55472.5300543
ATG	83286.041046
ATT	121205.863243
CCA	70646.6934226
CCC	43668.7389571
CCG	4857.07861715
CCT	71183.8548034
CTA	55355.9378759
CTC	60433.8087685
CTG	82518.6305466
CTT	91941.0303327
GCA	65030.9880597
GCC	38493.9790918
GCG	4126.24240679
GCT	59836.1274586
GTA	48036.4451051
GTC	35527.2050553
GTG	55039.4843149
GTT	62177.1584009
TCA	93072.6408433
TCC	59150.2087283
TCG	4372.95241803
TCT	104207.843772
TTA	105741.260159
TTC	93447.4923887
TTG	80838.8181379
TTT	170835.587148
ACA	240068.488748
ACC	99799.8709163
ACG	11304.159857
ACT	186530.760966
ATA	259085.343766
ATC	140512.405984
ATG	210562.552128
ATT	316064.808842
CCA	174071.076096
CCC	107678.153664
CCG	8564.72055343
CCT	175989.459611
CTA	142715.581569
CTC	149097.445797
CTG	193517.903024
CTT	230130.330881
GCA	154790.44708
GCC	91062.1508611
GCG	6953.60845864
GCT	142598.632778
GTA	122427.753679
GTC	85383.3862542
GTG	128872.005416
GTT	152725.505616
TCA	232711.520808
TCC	145863.516233
TCG	8703.59614632
TCT	264742.101149
TTA	272757.650907
TTC	233090.617151
TTG	204311.655215
TTT	430846.08238
ACA	151547.027474
ACC	56129.229664
ACG	7544.24283506
ACT	116176.465675
ATA	180111.094708
ATC	88113.9783941
ATG	132353.556111
ATT	217020.406813
CCA	94557.6959017
CCC	51281.9254612
CCG	4730.65835317
CCT	93655.0336112
CTA	89046.256863
CTC	80461.7931849
CTG	104765.799248
CTT	139630.820114
GCA	88553.5825374
GCC	44731.6484199
GCG	4024.54880096
GCT	79863.0002521
GTA	79482.9907018
GTC	48919.1520289
GTG	73572.8859447
GTT	97245.6315177
TCA	145748.195327
TCC	80421.6243084
TCG	5671.93545781
TCT	159682.201032
TTA	187829.539295
TTC	144252.404222
TTG	128241.118366
TTT	292204.108711
ACA	46395.1508448
ACC	21124.4001601
ACG	4893.85868219
ACT	31843.5055457
ATA	36632.6938299
ATC	24425.3146588
ATG	37891.8497458
ATT	49399.7032489
CCA	37959.2567883
CCC	28334.571176
CCG	4742.43639003
CCT	38099.8800228
CTA	21676.1517471
CTC	32037.4414391
CTG	46182.4167515
CTT	40123.8804834
GCA	35562.7988412
GCC	24517.5351471
GCG	3797.13942814
GCT	31893.1604343
GTA	19350.3754006
GTC	18408.8792968
GTG	31515.9836808
GTT	27419.7580075
TCA	42277.5992007
TCC	30732.2110513
TCG	3116.80881833
TCT	45917.8617569
TTA	41571.3232781
TTC	41430.871309
TTG	35422.6777753
TTT	69793.0197276
ACA	32662.9889338
ACC	29081.5723642
ACG	6406.33320167
ACT	21101.0443979
ATA	10010.7041763
ATC	16548.0864264
ATG	24496.8986041
ATT	15955.5420972
CCA	56897.7974841
CCC	72801.6924667
CCG	13668.6154743
CCT	58036.3657764
CTA	12748.8966712
CTC	45582.4734004
CTG	68045.1760072
CTT	29045.9413161
GCA	40658.3499281
GCC	52595.270861
GCG	9737.85397729
GCT	40182.9127154
GTA	9893.51349862
GTC	23281.8498485
GTG	39081.7605435
GTT	16950.7515558
TCA	29547.6405651
TCC	41291.688935
TCG	4777.39757206
TCT	34875.710153
TTA	12526.2620053
TTC	27633.8322322
TTG	23991.7155232
TTT	25926.5011705
ACA	43293.5845254
ACC	31750.6617384
ACG	5266.56694646
ACT	29707.8120803
ATA	20164.4964517
ATC	23104.6862459
ATG	35004.0393103
ATT	27098.2551454
CCA	60866.4725195
CCC	66380.3949953
CCG	9487.25816254
CCT	61231.4005452
CTA	19243.6830098
CTC	48510.62095
CTG	69724.9029105
CTT	39033.0316137
GCA	43475.0615543
GCC	48187.3477547
GCG	7347.186256
GCT	42344.5589355
GTA	15659.2620558
GTC	25810.39274
GTG	42119.6641374
GTT	22936.1139189
TCA	40309.8086001
TCC	44947.1667244
TCG	4254.65420497
TCT	45893.1729891
TTA	21436.1289713
TTC	37214.7051805
TTG	32921.2979725
TTT	40399.8970585
ACA	5001.27972379
ACC	1804.33684573
ACG	185.40767916
ACT	3626.74700584
ATA	5175.52769934
ATC	2254.60333514
ATG	3647.56865794
ATT	5995.77246232
CCA	2929.63956656
CCC	1669.55097574
CCG	180.791795898
CCT	2596.99998128
CTA	2285.58502603
CTC	2453.20091456
CTG	3388.07218995
CTT	3614.71760024
GCA	2429.00743031
GCC	1473.65867155
GCG	162.9457755
GCT	2228.77939045
GTA	2373.50383679
GTC	1478.46218936
GTG	2800.06933751
GTT	2783.20306984
TCA	4405.70042654
TCC	2057.95989248
TCG	140.171465729
TCT	4602.01132326
TTA	5350.62560538
TTC	4121.13261362
TTG	3252.65762564
TTT	8455.93335009
ACA	124340.336074
ACC	79852.3229294
ACG	12495.9660275
ACT	87980.0086362
ATA	75213.6311849
ATC	69775.0701639
ATG	103369.544045
ATT	100880.57662
CCA	149777.470893
CCC	151347.349618
CCG	20375.9763536
CCT	155660.986098
CTA	59470.9542941
CTC	128904.87491
CTG	172640.375121
CTT	116035.943919
GCA	112630.393546
GCC	108726.229899
GCG	15654.864884
GCT	107959.317934
GTA	49308.7328856
GTC	66169.3256359
GTG	105764.00942
GTT	69210.1730127
TCA	118027.236399
TCC	119484.562352
TCG	9912.26343874
TCT	139161.086483
TTA	81614.4997609
TTC	114805.123423
TTG	96738.9162611
TTT	144911.886824
ACA	166806.477851
ACC	78138.8985322
ACG	9743.56988115
ACT	127825.298021
ATA	151041.516181
ATC	96556.9513668
ATG	146175.967004
ATT	194852.503773
CCA	141414.998796
CCC	96993.25917
CCG	9249.16805355
CCT	141225.23011
CTA	93299.1259318
CTC	118335.805107
CTG	158098.785636
CTT	163284.209023
GCA	120984.434794
GCC	81352.8598164
GCG	7594.39109748
GCT	113326.124371
GTA	78460.6534413
GTC	66672.4223432
GTG	102419.791394
GTT	104955.226325
TCA	162358.274832
TCC	115193.670803
TCG	7410.97524718
TCT	184940.426114
TTA	165483.391072
TTC	161957.859824
TTG	142388.86422
TTT	274377.609735
ACA	24921.4534703
ACC	16184.0915763
ACG	1986.88872131
ACT	19757.904808
ATA	16880.1308894
ATC	14656.6008444
ATG	21037.5845935
ATT	22181.8512125
CCA	30059.4413905
CCC	27326.8732171
CCG	2853.35351719
CCT	31348.1944088
CTA	13968.1681926
CTC	25123.6049744
CTG	34517.8558681
CTT	25512.1129917
GCA	22421.9370225
GCC	21270.2154758
GCG	2095.94063748
GCT	22617.8994016
GTA	11168.4173838
GTC	12950.3118554
GTG	19907.4384549
GTT	15407.4327299
TCA	24680.8376831
TCC	23456.2736231
TCG	1581.48457728
TCT	29168.9508832
TTA	19078.111033
TTC	23982.5866054
TTG	21296.5710519
TTT	32684.7668112
ACA	163638.440962
ACC	90848.1130938
ACG	13140.52951
ACT	121091.299044
ATA	118511.20192
ATC	95193.007344
ATG	141615.691711
ATT	161903.649826
CCA	170277.1025
CCC	140100.763629
CCG	15370.9976384
CCT	170748.583966
CTA	85082.8444254
CTC	142121.177355
CTG	195086.286433
CTT	161141.649336
GCA	138882.368311
GCC	112062.792934
GCG	11686.9980604
GCT	133043.972103
GTA	69844.7844226
GTC	75902.0972709
GTG	120059.81763
GTT	100342.04738
TCA	159365.034988
TCC	135194.436845
TCG	10066.3631813
TCT	184004.317375
TTA	133550.093609
TTC	157712.9656
TTG	139405.020496
TTT	233988.177697
ACA	13613.4238458
ACC	11502.8771167
ACG	2552.33677684
ACT	8675.27772578
ATA	3674.82613887
ATC	6172.3610843
ATG	9669.12388777
ATT	6081.78563027
CCA	23065.6206171
CCC	28343.3377765
CCG	4924.33925775
CCT	23804.8911551
CTA	4581.26411643
CTC	18831.661837
CTG	29046.5515913
CTT	11841.1179262
GCA	17683.3127892
GCC	22164.2755139
GCG	3366.80691532
GCT	17456.2029578
GTA	3646.27388326
GTC	9464.44497735
GTG	16593.0129797
GTT	6541.03531099
TCA	12045.9565768
TCC	16563.4431177
TCG	1777.08092758
TCT	14061.9037274
TTA	4907.96760323
TTC	10741.6475045
TTG	9525.25285403
TTT	10126.8734325
ACA	0
ACC	0
ACG	0
ACT	0
ATA	0
ATC	0
ATG	0
ATT	0
CCA	0
CCC	0
CCG	0
CCT	0
CTA	0
CTC	0
CTG	0
CTT	0
GCA	0
GCC	0
GCG	0
GCT	0
GTA	0
GTC	0
GTG	0
GTT	0
TCA	0
TCC	0
TCG	0
TCT	0
TTA	0
TTC	0
TTG	0
TTT	0
ACA	0
ACC	0
ACG	0
ACT	0
ATA	0
ATC	0
ATG	0
ATT	0
CCA	0
CCC	0
CCG	0
CCT	0
CTA	0
CTC	0
CTG	0
CTT	0
GCA	0
GCC	0
GCG	0
GCT	0
GTA	0
GTC	0
GTG	0
GTT	0
TCA	0
TCC	0
TCG	0
TCT	0
TTA	0
TTC	0
TTG	0
TTT	0
ACA	194384.737523
ACC	75040.9795051
ACG	10383.9696408
ACT	149615.807579
ATA	222706.436599
ATC	112818.18327
ATG	170067.458738
ATT	272558.614237
CCA	129141.197529
CCC	73045.7646776
CCG	7282.15077426
CCT	125516.527146
CTA	113290.838211
CTC	108101.840688
CTG	141843.360024
CTT	181243.940214
GCA	117791.483634
GCC	63335.3115172
GCG	5958.46620301
GCT	106705.943102
GTA	100555.160374
GTC	65010.2482489
GTG	97466.0658227
GTT	125998.64422
TCA	187848.549358
TCC	107592.292583
TCG	7756.85673371
TCT	207362.872083
TTA	236113.906816
TTC	186992.85698
TTG	166069.04204
TTT	370955.882286
ACA	36648.7150922
ACC	25449.5316946
ACG	5742.69819169
ACT	24058.25265
ATA	14515.8862376
ATC	17352.6526926
ATG	27517.5292382
ATT	22340.7355795
CCA	49278.3373922
CCC	51918.2895522
CCG	8359.75021459
CCT	50385.6542718
CTA	13943.9986528
CTC	40082.3541071
CTG	61776.5798313
CTT	31889.5695957
GCA	39957.182528
GCC	42099.6648326
GCG	6012.1095779
GCT	38214.6420166
GTA	11469.7474973
GTC	21143.7596251
GTG	37513.2752618
GTT	19640.1031121
TCA	32748.2818314
TCC	36385.1597362
TCG	3766.96753559
TCT	36833.4916379
TTA	18677.2317467
TTC	30640.2572995
TTG	26107.369009
TTT	36754.7799456
ACA	0
ACC	0
ACG	0
ACT	0
ATA	0
ATC	0
ATG	0
ATT	0
CCA	0
CCC	0
CCG	0
CCT	0
CTA	0
CTC	0
CTG	0
CTT	0
GCA	0
GCC	0
GCG	0
GCT	0
GTA	0
GTC	0
GTG	0
GTT	0
TCA	0
TCC	0
TCG	0
TCT	0
TTA	0
TTC	0
TTG	0
TTT	0
ACA	16524.4043388
ACC	11425.41759
ACG	1728.69443472
ACT	11533.5257675
ATA	7622.15583306
ATC	8155.67682
ATG	13015.9062346
ATT	10352.3950163
CCA	22500.5516108
CCC	22268.4170563
CCG	2897.1215088
CCT	22871.5298792
CTA	7374.37452475
CTC	17551.9459753
CTG	27252.3007875
CTT	14820.0917051
GCA	18109.3557233
GCC	18976.7264812
GCG	2122.25793473
GCT	16983.0322659
GTA	5879.15239393
GTC	9254.05313323
GTG	16096.0376865
GTT	8522.99439206
TCA	14703.3734679
TCC	16019.1999555
TCG	1339.57193829
TCT	17059.9523412
TTA	8950.19861412
TTC	13522.3833157
TTG	12211.0729429
TTT	16187.3375038
ACA	158531.025459
ACC	103722.076791
ACG	15962.0302767
ACT	114739.058273
ATA	90798.2633866
ATC	87734.6214209
ATG	131535.140607
ATT	126241.628515
CCA	199379.065224
CCC	191059.214484
CCG	23160.5378717
CCT	206803.54739
CTA	77145.854185
CTC	166567.723909
CTG	237331.92081
CTT	153448.517122
GCA	157183.684634
GCC	152470.782393
GCG	16845.7048302
GCT	153041.43532
GTA	62019.704362
GTC	84747.0351827
GTG	139298.589352
GTT	90125.4763822
TCA	152092.211228
TCC	152784.02476
TCG	11968.9638217
TCT	177536.719522
TTA	105743.721301
TTC	145643.203704
TTG	126948.865692
TTT	186020.250234
ACA	4257.81129004
ACC	4032.10323202
ACG	828.441834884
ACT	2733.31253143
ATA	1122.26156811
ATC	1961.60212288
ATG	3074.93726234
ATT	1560.73643476
CCA	7565.38172429
CCC	9539.7885194
CCG	1634.61986643
CCT	7873.02368145
CTA	1545.53857357
CTC	6087.06004199
CTG	9563.06213727
CTT	3620.06138709
GCA	5649.84459997
GCC	7377.45152475
GCG	1179.44593554
GCT	5563.98676514
GTA	1295.66116043
GTC	3175.39793769
GTG	5500.99575559
GTT	1991.67965762
TCA	3899.12494085
TCC	5220.50770735
TCG	575.487852848
TCT	4421.87940177
TTA	1368.24333583
TTC	3172.59968925
TTG	2824.22503056
TTT	2887.77457784
