1	87036365	CTT	G	+1	38	33	5	0.453586951847	5.95280949097
1	112855221	CTG	C	+1	48	38	10	0.621316283727	5.03314095588
2	165255403	CTA	G	+1	41	37	4	0.528601567018	6.08218456352
2	213013230	CCT	G	-1	35	30	5	0.365600610129	5.28744099727
2	228228462	CTT	G	+1	37	31	6	0.317827905159	7.06868455918
3	84092625	GCA	A	+1	43	37	6	0.619895855625	5.31915707509
3	97213247	TTT	G	+1	36	32	4	0.341560208194	6.41561921106
3	101794017	GCA	A	-1	37	32	5	0.317827905159	7.06868455918
3	130032140	GTG	C	+1	39	33	6	0.426809656681	6.74149476741
4	12722590	GTG	C	+1	35	30	5	0.365600610129	5.28744099727
4	29040620	TTA	C	-1	48	44	4	0.621316283727	5.03314095588
4	92519236	CCT	T	+1	34	29	5	0.224579955305	6.25528747144
4	164792402	ATG	C	+1	36	31	5	0.341560208194	6.41561921106
4	181373449	TCC	A	+1	47	37	10	0.647885947734	5.18484315491
6	111281467	CTG	C	-1	38	32	6	0.453586951847	5.95280949097
6	160099976	CTA	G	-1	43	34	9	0.619895855625	5.31915707509
7	63433782	TTG	C	-1	42	34	7	0.500810779639	6.46565363621
7	97326204	ATG	C	+1	38	31	7	0.453586951847	5.95280949097
8	70461689	TCA	A	-1	36	31	5	0.341560208194	6.41561921106
8	91725712	GTA	C	+1	40	34	6	0.556100196536	5.26362444341
8	91725802	TTT	C	+1	43	38	5	0.619895855625	5.31915707509
9	74824798	CCA	G	-1	34	30	4	0.224579955305	6.25528747144
9	91961900	GTG	C	-1	35	31	4	0.365600610129	5.28744099727
9	113099991	TTT	A	+1	40	33	7	0.556100196536	5.26362444341
10	46993151	CCC	G	-1	44	38	6	0.592777155941	5.77317160358
11	77438912	GTG	C	+1	36	30	6	0.341560208194	6.41561921106
11	113061691	CTG	C	-1	38	32	6	0.453586951847	5.95280949097
13	31564481	GTG	G	-1	34	30	4	0.224579955305	6.25528747144
13	31564484	TTG	G	-1	40	33	7	0.556100196536	5.26362444341
13	56667189	ACA	G	+1	35	29	6	0.365600610129	5.28744099727
13	71552397	CTG	A	-1	50	44	6	0.788580987247	8.53020281221
14	20346942	ACA	A	+1	79	58	21	0.989034026186	5.74493427114
14	39680137	CTG	C	-1	35	29	6	0.365600610129	5.28744099727
18	39450940	CTG	C	-1	36	30	6	0.341560208194	6.41561921106
18	40603575	ATT	G	+1	37	33	4	0.317827905159	7.06868455918
19	6947533	GTG	C	+1	37	32	5	0.317827905159	7.06868455918
